id,title,summary,scope,issuingDate,effectiveDate,endDate,applicableRegionId,category,source
policy_1,中华人民共和国残疾人保障法,该法旨在保障残疾人的合法权益，包括教育、康复、就业等方面。其中特别强调残疾人享有平等接受教育的权利，要求各级政府为残疾人提供特殊教育服务,全国,1991-05-15,1991-05-15,999999,0,教育体系与安置模式,https://www.pkulaw.com/
policy_2,中华人民共和国未成年人保护法,该法保护未成年人的合法权益，包括教育权。特别提到对残疾未成年人的特殊保护，要求学校和社会为其提供适合的教育和康复条件,全国,1992-01-01,1992-01-01,999999,0,法律与制度保障,https://www.pkulaw.com/
policy_3,残疾人教育条例,该条例专门针对残疾人的教育问题，要求各级政府为残疾人提供特殊教育服务，确保残疾人享有平等的教育机会。条例还规定了特殊教育学校的设置、师资力量、课程设置等内容,全国,1994-08-23,1994-08-23,999999,0,教育体系与安置模式,https://www.pkulaw.com/
policy_4,中华人民共和国教育法,该法规定了国家教育制度的基本原则，强调教育公平，特别提到对残疾人的教育保障，要求各级政府为残疾人提供适合的教育条件,全国,1995-09-01,1995-09-01,999999,0,"

法律与制度保障",https://www.pkulaw.com/
policy_5,中华人民共和国残疾人教育条例,该条例进一步细化了残疾人教育的具体实施措施，包括特殊教育学校的设置、师资培训、教育经费保障等。特别强调对残疾儿童的教育支持,全国,1994-08-23,1994-08-23,999999,0,"

教育体系与安置模式",https://www.pkulaw.com/
policy_6,中华人民共和国义务教育法,该法规定了九年义务教育制度，特别提到对残疾儿童的教育保障，要求各级政府为残疾儿童提供适合的义务教育条件，确保其接受教育的机会,全国,1986-07-01,1986-07-01,999999,0,"

法律与制度保障",https://www.pkulaw.com/
policy_7,国务院关于建立残疾儿童康复救助制度的意见,该意见提出建立残疾儿童康复救助制度，要求各级政府为残疾儿童提供康复服务，特别是0-6岁残疾儿童的早期干预和康复服务。意见还提到对贫困残疾儿童的家庭提供经济支持,全国,2018-10-01,2018-10-01,999999,0,"

支持与服务体系",https://www.pkulaw.com/
policy_8,河北省特殊教育提升计划（2014-2016年）,提升特殊教育普及水平，确保残疾儿童义务教育入学率达到90%以上，改善特殊教育学校办学条件。,河北省,2014-07-01,2014-07-01,2016-12-31,130000,"

教育体系与安置模式",https://www.pkulaw.com/
policy_9,河北省第二期特殊教育提升计划（2017-2020年）,进一步提高残疾儿童义务教育普及率，目标为95%以上，推动特殊教育向学前和高中阶段延伸。,河北省,2017-01-01,2017-01-01,2020-12-31,130000,"

教育体系与安置模式",https://www.pkulaw.com/
policy_10,河北省关于进一步推进特殊教育改革发展的实施意见（2020年）,完善特殊教育体系，加强师资队伍建设，推动普通学校和特殊教育学校融合发展。,河北省,2020-05-15,2020-05-15,999999,130000,"

其他相关领域",https://www.pkulaw.com/
policy_11,河北省残疾儿童康复救助实施方案（2018年）,为0-6岁残疾儿童提供免费康复救助服务，包括康复训练和辅助器具适配。,河北省,2018-10-01,2018-10-01,999999,130000,"

支持与服务体系",https://www.pkulaw.com/
policy_12,河北省义务教育阶段残疾儿童少年随班就读工作管理办法（2019年）,规定普通学校应接收能够适应普通学校学习的残疾儿童少年随班就读，并提供个性化教育支持。,河北省,2019-03-01,2019-03-01,999999,130000,教育体系与安置模式,https://www.pkulaw.com/
policy_13,河北省特殊教育提升计划（2014-2016年）,提升特殊教育普及水平，确保残疾儿童义务教育入学率达到90%以上，改善特殊教育学校办学条件。,河北省,2014-07-01,2014-07-01,2016-12-31,130000,教育体系与安置模式,https://www.pkulaw.com/
policy_14,河北省第二期特殊教育提升计划（2017-2020年）,进一步提高残疾儿童义务教育普及率，目标为95%以上，推动特殊教育向学前和高中阶段延伸。,河北省,2017-01-01,2017-01-01,2020-12-31,130000,"

教育体系与安置模式",https://www.pkulaw.com/
policy_15,河北省关于进一步推进特殊教育改革发展的实施意见（2020年）,完善特殊教育体系，加强师资队伍建设，推动普通学校和特殊教育学校融合发展。,河北省,2020-05-15,2020-05-15,999999,130000,"

教育体系与安置模式",https://www.pkulaw.com/
policy_16,河北省残疾儿童康复救助实施方案（2018年）,为0-6岁残疾儿童提供免费康复救助服务，包括康复训练和辅助器具适配。,河北省,2018-10-01,2018-10-01,999999,130000,"

支持与服务体系",https://www.pkulaw.com/
policy_17,河北省义务教育阶段残疾儿童少年随班就读工作管理办法（2019年）,规定普通学校应接收能够适应普通学校学习的残疾儿童少年随班就读，并提供个性化教育支持。,河北省,2019-03-01,2019-03-01,999999,130000,"

教育体系与安置模式",https://www.pkulaw.com/
policy_18,河北省特殊教育学校建设标准（2015年）,制定特殊教育学校的建设标准，改善办学条件。,河北省,2015-09-01,2015-09-01,999999,130000,"

教育体系与安置模式",https://www.pkulaw.com/
policy_19,河北省特殊教育教师培训计划（2016年）,加强特殊教育教师培训，提高教师专业水平。,河北省,2016-06-01,2016-06-01,999999,130000,"

师资与专业发展",https://www.pkulaw.com/
policy_20,河北省残疾学生助学补贴政策（2018年）,对贫困残疾学生提供助学补贴和生活补助。,河北省,2018-09-01,2018-09-01,999999,130000,"

经费保障政策",https://www.pkulaw.com/
policy_21,河北省特殊教育资源中心建设方案（2017年）,建设特殊教育资源中心，为随班就读的残疾学生提供支持。,河北省,2017-04-01,2017-04-01,999999,130000,"

教育体系与安置模式",https://www.pkulaw.com/
policy_22,河北省残疾儿童学前教育支持计划（2019年）,推动残疾儿童学前教育发展，提供早期干预服务。,河北省,2019-07-01,2019-07-01,999999,130000,"

其他相关领域",https://www.pkulaw.com/
policy_23,河北省残疾儿童职业教育实施方案（2020年）,发展残疾儿童职业教育，提供职业技能培训。,河北省,2020-03-01,2020-03-01,999999,130000,"

其他相关领域",https://www.pkulaw.com/
policy_24,河北省特殊教育经费保障机制（2018年）,完善特殊教育经费保障机制，增加财政投入。,河北省,2018-01-01,2018-01-01,999999,130000,"

经费保障政策",https://www.pkulaw.com/
policy_25,河北省残疾儿童康复机构建设方案（2017年）,加强残疾儿童康复机构建设，提供康复服务。,河北省,2017-06-01,2017-06-01,999999,130000,"

支持与服务体系",https://www.pkulaw.com/
policy_26,河北省残疾儿童家庭支持政策（2019年）,对残疾儿童家庭提供经济支持和心理辅导服务。,河北省,2019-05-01,2019-05-01,999999,130000,"

支持与服务体系",https://www.pkulaw.com/
policy_27,河北省特殊教育学校课程设置标准（2016年）,制定特殊教育学校课程设置标准，确保教育质量。,河北省,2016-09-01,2016-09-01,999999,130000,"

教育体系与安置模式",https://www.pkulaw.com/
policy_28,河北省残疾儿童随班就读支持计划（2018年）,为随班就读的残疾学生提供个性化教育支持。,河北省,2018-04-01,2018-04-01,999999,130000,"

支持与服务体系",https://www.pkulaw.com/
policy_29,河北省特殊教育教师待遇保障政策（2020年）,提高特殊教育教师待遇，吸引优秀人才。,河北省,2020-07-01,2020-07-01,999999,130000,"

师资与专业发展",https://www.pkulaw.com/
policy_30,山西省特殊教育提升计划（2014-2016年）,提升特殊教育普及水平，确保残疾儿童义务教育入学率达到90%以上，改善特殊教育学校办学条件，提高生均公用经费至6000元/年。,山西省义务教育阶段残疾儿童,2014-07-01,2014-07-01,2016-12-31,140000,"

经费保障政策",https://www.pkulaw.com/
policy_31,山西省第二期特殊教育提升计划（2017-2020年）,进一步提高残疾儿童义务教育普及率至95%以上，推动特殊教育向学前和高中阶段延伸，加强融合教育资源建设。,山西省残疾儿童少年,2017-01-01,2017-01-01,2020-12-31,140000,"

教育体系与安置模式",https://www.pkulaw.com/
policy_32,山西省关于进一步推进特殊教育改革发展的实施意见（2020年）,完善特殊教育体系，强化职业教育与康复融合，提高教师待遇（特教津贴提升至基础工资50%），保障经费投入。,山西省内特殊教育机构、教师及残疾学生,2020-01-01,2020-01-01,999999,140000,"

教育体系与安置模式",https://www.pkulaw.com/
policy_33,山西省残疾儿童康复救助实施方案（2018年）,为0-6岁残疾儿童提供康复训练（15000元/年）、手术及辅助器具适配，部分项目扩展至14岁。,山西省内符合条件的残疾儿童,2018-10-01,2018-10-01,999999,140000,"

支持与服务体系",https://www.pkulaw.com/
policy_34,山西省义务教育阶段残疾儿童少年随班就读工作管理办法（2019年）,规范随班就读工作流程，要求普通学校配备资源教师，建立“一人一案”档案。,山西省内义务教育阶段随班就读残疾学生,2019-09-01,2019-09-01,999999,140000,"

教育体系与安置模式",https://www.pkulaw.com/
policy_35,山西省特殊教育学校建设标准（2015年）,规定特殊教育学校的选址、规模、设施配置及无障碍建设要求。,山西省内特殊教育学校新建、改扩建项目,2015-12-31,2015-12-31,999999,140000,"

教育体系与安置模式",https://www.pkulaw.com/
policy_36,山西省特殊教育教师培训计划（2016年）,实施教师全员轮训，重点培养康复、融合教育等专业能力，每年培训不少于72学时。,山西省内特殊教育学校教师,2016-09-01,2016-09-01,2019-12-31,140000,"

师资与专业发展",https://www.pkulaw.com/
policy_37,山西省残疾学生助学补贴政策（2018年）,对贫困残疾学生提供学费减免（最高5000元/年）及生活补助（2000元/年）。,山西省内家庭经济困难的残疾学生,2018-09-01,2018-09-01,999999,140000,经费保障政策,https://www.pkulaw.com/
policy_38,山西省特殊教育资源中心建设方案（2017年）,在市、县两级建设资源中心，提供评估、咨询、师资培训等支持服务。,山西省内特殊教育资源中心建设项目,2017-06-01,2017-06-01,2020-12-31,140000,"

支持与服务体系",https://www.pkulaw.com/
policy_39,山西省残疾儿童学前教育支持计划（2019年）,推进残疾儿童普惠性学前教育，对接收残疾儿童的幼儿园给予生均补贴（3000元/年）。,山西省内3-6岁残疾儿童及幼儿园,2019-09-01,2019-09-01,999999,140000,经费保障政策,https://www.pkulaw.com/
policy_40,山西省残疾儿童职业教育实施方案（2020年）,建立“中职-高职-本科”贯通培养体系，重点发展康复治疗、工艺美术等职业方向。,山西省内15-18岁残疾青少年,2020-09-01,2020-09-01,999999,140000,"

职业教育",https://www.pkulaw.com/
policy_41,山西省特殊教育经费保障机制（2018年）,明确生均经费标准（义务教育阶段6000元/年，高中阶段4000元/年），建立动态调整机制。,山西省内特殊教育学校及义务教育阶段随班就读学生,2018-01-01,2018-01-01,999999,140000,经费保障政策,https://www.pkulaw.com/
policy_42,山西省残疾儿童康复机构建设方案（2017年）,规划建设省级康复中心，规范市、县康复机构资质，提升康复服务能力。,山西省内残疾儿童康复机构,2017-03-01,2017-03-01,2020-12-31,140000,"

监测与督导评估",https://www.pkulaw.com/
policy_43,山西省残疾儿童家庭支持政策（2019年）,为残疾儿童家庭提供护理补贴（500元/月）、心理支持及技能培训。,山西省内有0-18岁残疾儿童的家庭,2019-01-01,2019-01-01,999999,140000,经费保障政策,https://www.pkulaw.com/
policy_44,山西省特殊教育学校课程设置标准（2016年）,规定特殊教育学校课程结构，强化生活技能、康复训练等特色课程。,山西省内特殊教育学校教学管理,2016-09-01,2016-09-01,999999,140000,"

教育体系与安置模式",https://www.pkulaw.com/
policy_45,山西省残疾儿童随班就读支持计划（2018年）,为随班就读学生提供资源教师、辅助器具及个性化教育方案支持。,山西省内义务教育阶段随班就读残疾学生,2018-09-01,2018-09-01,999999,140000,"

支持与服务体系",https://www.pkulaw.com/
policy_46,山西省特殊教育教师待遇保障政策（2020年）,落实特教津贴（基础工资50%），职称评聘向特殊教育倾斜。,山西省内特殊教育学校教师,2020-01-01,2020-01-01,999999,140000,师资与专业发展,https://www.pkulaw.com/
policy_47,山西省残疾儿童心理健康支持计划（2021年）,建立残疾儿童心理档案，提供免费心理咨询及干预服务。,山西省内0-18岁残疾儿童,2021-09-01,2021-09-01,999999,140000,"

支持与服务体系",https://www.pkulaw.com/
policy_48,山西省特殊教育学校安全管理规定（2017年）,规范特殊教育学校安全管理制度，强化校舍、食品及活动安全保障。,山西省内特殊教育学校,2017-09-01,2017-09-01,999999,140000,"

支持与服务体系",https://www.pkulaw.com/
policy_49,山西省残疾儿童早期干预实施方案（2022年）,建立0-3岁残疾儿童筛查、诊断及康复干预机制，补贴标准为8000元/年。,山西省内0-3岁残疾儿童,2022-01-01,2022-01-01,999999,140000,"

支持与服务体系",https://www.pkulaw.com/
policy_50,辽宁省特殊教育提升计划实施方案（2014-2016年）,提升特殊教育普及水平，实施15年免费教育（含学前到高中），推动随班就读和资源教室建设，开展医教结合实验。,辽宁省,2014-01-01,2014-01-01,2016-12-31,210000,"

教育体系与安置模式",https://www.pkulaw.com/
policy_51,辽宁省第二期特殊教育提升计划实施方案（2017-2020年）,巩固15年免费教育，提高生均公用经费至6000元以上，支持普通幼儿园接收残疾儿童，加强高校特教专业建设。,辽宁省,2017-01-01,2017-01-01,2020-12-31,210000,"

教育体系与安置模式",https://www.pkulaw.com/
policy_52,辽宁省“十四五”特殊教育发展提升行动计划实施方案（2022-2025年）,目标到2025年建立高质量特殊教育体系，适龄残疾儿童义务教育入学率达97%，推进融合教育、职业教育及孤独症教育模式探索。,辽宁省,2022-01-01,2022-01-01,2025-12-31,210000,"

支持与服务体系",https://www.pkulaw.com/
policy_53,辽宁省特殊教育补助资金管理办法（2023年）,规范补助资金使用方向，涵盖办学条件改善、学生生活费补助、教师津贴等，强化资金监管和绩效评估。,辽宁省,2023-12-06,2023-12-06,2016-12-31,210000,"

监测与督导评估",https://www.pkulaw.com/
policy_54,15年免费教育政策（2015年-现行有效）,自2015年起实施残疾学生从学前到高中阶段全程免费教育，涵盖保育费、学费、住宿费等，高等教育阶段优先资助。,辽宁省内残疾学生,2015-01-01,2015-01-01,999999,210000,"

经费保障政策",https://www.pkulaw.com/
policy_55,《学前教育法》配套实施（2025年-现行有效）,根据国家《学前教育法》要求，普惠性幼儿园需接收适应集体生活的残疾儿童，联合卫健部门评估争议。,辽宁省内普惠性幼儿园及残疾儿童,2025-03-01,2025-03-01,999999,210000,"



法律与制度保障",https://www.pkulaw.com/
policy_56,吉林省特殊教育提升计划（2014-2016年）,提升特殊教育普及水平，改善特殊教育学校办学条件，推动残疾儿童义务教育入学率提升，开展医教结合试点。,吉林省,2014-01-01,2014-01-01,2016-12-31,220000,"

支持与服务体系",https://www.pkulaw.com/
policy_57,吉林省第二期特殊教育提升计划（2017-2020年）,巩固残疾儿童义务教育普及成果，推动特殊教育向学前和高中阶段延伸，加强融合教育支持体系建设。,吉林省,2017-01-01,2017-01-01,2020-12-31,220000,"

教育体系与安置模式",https://www.pkulaw.com/
policy_58,吉林省“十四五”特殊教育发展提升行动计划（2021-2025年）,目标到2025年建立高质量特殊教育体系，提高残疾儿童义务教育入学率，推进融合教育、职业教育和孤独症儿童教育模式探索。,吉林省,2021-01-01,2021-01-01,2025-12-31,220000,"

教育体系与安置模式",https://www.pkulaw.com/
policy_59,吉林省残疾儿童康复救助制度实施方案,为残疾儿童提供康复救助服务，包括康复训练、辅助器具适配等，减轻残疾儿童家庭经济负担。,吉林省内0-6岁残疾儿童,2018-01-01,2018-01-01,999999,220000,"

支持与服务体系",https://www.pkulaw.com/
policy_60,吉林省关于进一步推进特殊教育改革发展的实施意见,推动特殊教育学校标准化建设，加强特殊教育师资队伍建设，完善特殊教育经费保障机制。,吉林省,2010-01-01,2010-01-01,999999,220000,"

支持与服务体系",https://www.pkulaw.com/
policy_61,吉林省残疾人保障条例,保障残疾人的合法权益，包括教育、康复、就业、社会保障等方面，明确残疾儿童接受义务教育的权利。,吉林省,2008-01-01,2008-01-01,999999,220000,"

教育体系与安置模式",https://www.pkulaw.com/
policy_62,吉林省关于实施残疾学生15年免费教育的政策,对残疾学生实施从学前到高中阶段的15年免费教育，涵盖学费、住宿费、生活补助等。,吉林省内残疾学生,2015-01-01,2015-01-01,999999,220000,"

经费保障政策",https://www.pkulaw.com/
policy_63,吉林省特殊教育学校建设标准,规范特殊教育学校的建设标准，包括校舍、设施设备、师资配置等，提升特殊教育学校办学条件。,吉林省内特殊教育学校,2010-01-01,2010-01-01,999999,220000,"

支持与服务体系",https://www.pkulaw.com/
policy_64,吉林省关于推进融合教育的实施意见,推动普通学校接收残疾儿童随班就读，建设资源教室，加强融合教育支持体系建设。,吉林省,2018-01-01,2018-01-01,999999,220000,"

支持与服务体系",https://www.pkulaw.com/
policy_65,吉林省特殊教育教师培训计划,加强特殊教育教师培训，提升特殊教育教师的专业能力和教学水平。,吉林省内特殊教育教师,2015-01-01,2015-01-01,999999,220000,"

师资与专业发展",https://www.pkulaw.com/
policy_66,吉林省关于进一步加强残疾儿童少年义务教育工作的意见,确保残疾儿童少年接受义务教育的权利，提高残疾儿童少年义务教育入学率。,吉林省,2012-01-01,2012-01-01,999999,220000,"

法律与制度保障",https://www.pkulaw.com/
policy_67,吉林省特殊教育补助资金管理办法,规范特殊教育补助资金的使用方向，包括改善办学条件、学生生活补助、教师津贴等。,吉林省内特殊教育机构及相关单位,2020-01-01,2020-01-01,999999,220000,"

经费保障政策",https://www.pkulaw.com/
policy_68,吉林省关于加快发展残疾人职业教育的实施意见,推动残疾人职业教育发展，为残疾人提供职业技能培训和就业支持。,吉林省内残疾人职业教育机构,2019-01-01,2019-01-01,999999,220000,"

其他相关领域",https://www.pkulaw.com/
policy_69,吉林省关于推进孤独症儿童教育的指导意见,探索孤独症儿童教育模式，提供个性化教育支持和服务。,吉林省内孤独症儿童及相关教育机构,2021-01-01,2021-01-01,999999,220000,"

教育体系与安置模式",https://www.pkulaw.com/
policy_70,吉林省关于实施《残疾人教育条例》的细则,落实国家《残疾人教育条例》要求，保障残疾人接受教育的权利。,吉林省,2017-01-01,2017-01-01,999999,220000,"

法律与制度保障",https://www.pkulaw.com/
policy_71,黑龙江省特殊教育提升计划（2014-2016年）,提升特殊教育普及水平，改善特殊教育学校办学条件，推动残疾儿童义务教育入学率提升，开展医教结合试点。,黑龙江省,2014-01-01,2014-01-01,2016-12-31,230000,"

教育体系与安置模式",https://www.pkulaw.com/
policy_72,黑龙江省第二期特殊教育提升计划（2017-2020年）,巩固残疾儿童义务教育普及成果，推动特殊教育向学前和高中阶段延伸，加强融合教育支持体系建设。,黑龙江省,2017-01-01,2017-01-01,2020-12-31,230000,"

支持与服务体系",https://www.pkulaw.com/
policy_73,黑龙江省“十四五”特殊教育发展提升行动计划（2021-2025年）,目标到2025年建立高质量特殊教育体系，提高残疾儿童义务教育入学率，推进融合教育、职业教育和孤独症儿童教育模式探索。,黑龙江省,2021-01-01,2021-01-01,2025-12-31,230000,"

教育体系与安置模式",https://www.pkulaw.com/
policy_74,黑龙江省残疾儿童康复救助制度实施方案,为残疾儿童提供康复救助服务，包括康复训练、辅助器具适配等，减轻残疾儿童家庭经济负担。,黑龙江省内0-6岁残疾儿童,2018-01-01,2018-01-01,999999,230000,"

支持与服务体系",https://www.pkulaw.com/
policy_75,黑龙江省关于进一步推进特殊教育改革发展的实施意见,推动特殊教育学校标准化建设，加强特殊教育师资队伍建设，完善特殊教育经费保障机制。,黑龙江省,2010-01-01,2010-01-01,999999,230000,分类失败,https://www.pkulaw.com/
policy_76,黑龙江省残疾人保障条例,保障残疾人的合法权益，包括教育、康复、就业、社会保障等方面，明确残疾儿童接受义务教育的权利。,黑龙江省,2008-01-01,2008-01-01,999999,230000,"

教育体系与安置模式",https://www.pkulaw.com/
policy_77,黑龙江省关于实施残疾学生15年免费教育的政策,对残疾学生实施从学前到高中阶段的15年免费教育，涵盖学费、住宿费、生活补助等。,黑龙江省内残疾学生,2015-01-01,2015-01-01,999999,230000,"

经费保障政策",https://www.pkulaw.com/
policy_78,黑龙江省特殊教育学校建设标准,规范特殊教育学校的建设标准，包括校舍、设施设备、师资配置等，提升特殊教育学校办学条件。,黑龙江省内特殊教育学校,2010-01-01,2010-01-01,999999,230000,"

教育体系与安置模式",https://www.pkulaw.com/
policy_79,黑龙江省关于推进融合教育的实施意见,推动普通学校接收残疾儿童随班就读，建设资源教室，加强融合教育支持体系建设。,黑龙江省,2018-01-01,2018-01-01,999999,230000,"

教育体系与安置模式",https://www.pkulaw.com/
policy_80,黑龙江省特殊教育教师培训计划,加强特殊教育教师培训，提升特殊教育教师的专业能力和教学水平。,黑龙江省内特殊教育教师,2015-01-01,2015-01-01,999999,230000,"

师资与专业发展",https://www.pkulaw.com/
policy_81,黑龙江省关于进一步加强残疾儿童少年义务教育工作的意见,确保残疾儿童少年接受义务教育的权利，提高残疾儿童少年义务教育入学率。,黑龙江省,2012-01-01,2012-01-01,999999,230000,"

法律与制度保障",https://www.pkulaw.com/
policy_82,黑龙江省特殊教育补助资金管理办法,规范特殊教育补助资金的使用方向，包括改善办学条件、学生生活补助、教师津贴等。,黑龙江省内特殊教育机构及相关单位,2020-01-01,2020-01-01,999999,230000,"

经费保障政策",https://www.pkulaw.com/
policy_83,黑龙江省关于加快发展残疾人职业教育的实施意见,推动残疾人职业教育发展，为残疾人提供职业技能培训和就业支持。,黑龙江省内残疾人职业教育机构,2019-01-01,2019-01-01,999999,230000,"

法律与制度保障",https://www.pkulaw.com/
policy_84,黑龙江省关于推进孤独症儿童教育的指导意见,探索孤独症儿童教育模式，提供个性化教育支持和服务。,黑龙江省内孤独症儿童及相关教育机构,2021-01-01,2021-01-01,999999,230000,"

支持与服务体系",https://www.pkulaw.com/
policy_85,黑龙江省关于实施《残疾人教育条例》的细则,落实国家《残疾人教育条例》要求，保障残疾人接受教育的权利。,黑龙江省,2017-01-01,2017-01-01,999999,230000,"

法律与制度保障",https://www.pkulaw.com/
policy_86,江苏省特殊教育提升计划（2014-2016年）,提升特殊教育普及水平，改善特殊教育学校办学条件，推动残疾儿童义务教育入学率提升，开展医教结合试点。,江苏省,2014-01-01,2014-01-01,2016-12-31,320000,"

教育体系与安置模式",https://www.pkulaw.com/
policy_87,江苏省第二期特殊教育提升计划（2017-2020年）,进一步改善特殊教育条件，推进融合教育，提升教师专业水平，完善特殊教育支持体系。,江苏省,2017-01-01,2017-01-01,2020-12-31,320000,"

教育体系与安置模式",https://www.pkulaw.com/
policy_88,江苏省第三期特殊教育提升计划（2021-2025年）,优化特殊教育体系，推进融合教育，提升教育质量，完善残疾儿童少年从学前教育到高等教育的全程支持。,江苏省,2021-01-01,2021-01-01,2025-12-31,320000,"

教育体系与安置模式",https://www.pkulaw.com/
policy_89,江苏省残疾人保障条例,涵盖残疾人教育、康复、就业、社会保障等多方面内容，明确残疾儿童少年享有平等教育权利。,江苏省,2012-03-01,2012-03-01,999999,320000,"

其他相关领域",https://www.pkulaw.com/
policy_90,江苏省关于实施残疾儿童少年义务教育阶段免费教育的通知,明确残疾儿童少年在义务教育阶段享受免费教育，包括学费、住宿费、教科书费等。,江苏省义务教育阶段的残疾儿童少年,2016-01-01,2016-01-01,999999,320000,"

经费保障政策",https://www.pkulaw.com/
policy_91,江苏省关于进一步加强残疾儿童少年随班就读工作的指导意见,提出加强随班就读支持，完善资源教室和教师培训体系，促进残疾儿童与普通儿童共同成长。,江苏省普通学校随班就读的残疾学生及相关教育机构,2018-01-01,2018-01-01,999999,320000,"

支持与服务体系",https://www.pkulaw.com/
policy_92,江苏省特殊教育学校建设标准,规范特殊教育学校建设，确保学校设施满足残疾学生的学习和生活需求。,江苏省新建或改扩建的特殊教育学校,2015-01-01,2015-01-01,999999,320000,"

教育体系与安置模式",https://www.pkulaw.com/
policy_93,江苏省关于加快发展残疾人职业教育的实施意见,提出发展残疾人职业教育，提升残疾人的就业能力，促进社会融入。,江苏省残疾人职业教育机构及相关学校,2019-01-01,2019-01-01,999999,320000,"

其他相关领域",https://www.pkulaw.com/
policy_94,江苏省残疾儿童康复救助实施办法,为残疾儿童提供康复救助，包括康复训练、辅助器具适配等。,江苏省0-6岁残疾儿童及其家庭,2019-01-01,2019-01-01,999999,320000,"

其他相关领域",https://www.pkulaw.com/
policy_95,江苏省残疾学生及残疾人家庭子女教育资助办法,为残疾学生和残疾人家庭子女提供教育资助，减轻家庭经济负担。,江苏省残疾学生及残疾人家庭子女,2017-01-01,2017-01-01,999999,320000,"

经费保障政策",https://www.pkulaw.com/
policy_96,江苏省关于推进融合教育发展的实施意见,提出推进融合教育，促进残疾儿童与普通儿童共同成长，完善支持体系。,江苏省普通学校和特殊教育学校,2020-01-01,2020-01-01,999999,320000,"

教育体系与安置模式",https://www.pkulaw.com/
policy_97,江苏省实施〈中华人民共和国残疾人保障法〉办法,细化残疾人保障法的相关规定，明确残疾人的教育权利和保障措施。,江苏省所有残疾人及相关服务机构,2012-03-01,2012-03-01,999999,320000,法律与制度保障,https://www.pkulaw.com/
policy_98,江苏省义务教育条例,明确残疾儿童少年享有平等接受义务教育的权利，要求各级政府提供必要支持。,江苏省义务教育阶段的残疾儿童少年,2010-09-01,2010-09-01,999999,320000,"

法律与制度保障",https://www.pkulaw.com/
policy_99,江苏省关于推进残疾人小康进程的实施意见,提出推进残疾人小康进程的具体措施，包括教育、就业、康复等方面的保障。,江苏省所有残疾人及相关服务机构,2016-01-01,2016-01-01,999999,320000,"

支持与服务体系",https://www.pkulaw.com/
policy_100,浙江省特殊教育提升计划（2014-2016年）,提升特殊教育普及水平，改善特殊教育学校办学条件，推动残疾儿童义务教育入学率提升，开展医教结合试点。,浙江省,2014-01-01,2014-01-01,2016-12-31,330000,"

支持与服务体系",https://www.pkulaw.com/
policy_101,浙江省第二期特殊教育提升计划（2017-2020年）,进一步推进特殊教育发展，完善特殊教育体系，提升教师专业水平，加强随班就读支持保障体系建设。,浙江省,2017-01-01,2017-01-01,2020-12-31,330000,"

教育体系与安置模式",https://www.pkulaw.com/
policy_102,浙江省人民政府办公厅关于进一步加强特殊教育工作的意见（2015年）,加强特殊教育资源配置，完善特殊教育体系，推进随班就读和送教上门服务，保障特殊教育经费投入。,浙江省,2015-01-01,2015-01-01,999999,330000,"

教育体系与安置模式",https://www.pkulaw.com/
policy_103,浙江省教育厅关于进一步加强特殊教育学校建设的意见（2016年）,强调特殊教育学校建设，改善硬件设施和师资力量，提升特殊教育学校办学水平。,浙江省特殊教育学校,2016-01-01,2016-01-01,999999,330000,"

教育体系与安置模式",https://www.pkulaw.com/
policy_104,浙江省教育厅关于进一步推进随班就读工作的指导意见（2017年）,推动普通学校接纳特殊教育学生，提供必要支持，完善随班就读工作机制。,浙江省普通学校,2017-01-01,2017-01-01,999999,330000,"

教育体系与安置模式",https://www.pkulaw.com/
policy_105,浙江省教育厅关于进一步加强特殊教育教师队伍建设的意见（2018年）,提升特殊教育教师的专业能力和待遇，加强教师培训和职业发展支持。,浙江省特殊教育教师,2018-01-01,2018-01-01,999999,330000,"

师资与专业发展",https://www.pkulaw.com/
policy_106,浙江省教育厅关于进一步加强特殊教育学校课程建设的指导意见（2019年）,完善特殊教育学校课程体系，推进课程改革，满足残疾学生多样化需求，提升教育教学质量。,浙江省特殊教育学校,2019-01-01,2019-01-01,999999,330000,"

教育体系与安置模式",https://www.pkulaw.com/
policy_107,浙江省教育厅关于进一步加强特殊教育学校学生资助工作的意见（2020年）,确保特殊教育学生获得经济支持，减轻家庭负担，完善学生资助体系。,浙江省特殊教育学生,2020-01-01,2020-01-01,999999,330000,"

经费保障政策",https://www.pkulaw.com/
policy_108,浙江省教育厅关于进一步加强特殊教育学校安全管理工作的意见（2021年）,加强特殊教育学校的安全管理，保障学生安全，完善安全管理制度和应急预案。,浙江省特殊教育学校,2021-01-01,2021-01-01,999999,330000,"

教育体系与安置模式",https://www.pkulaw.com/
policy_109,浙江省残疾人保障条例（1998年通过，多次修订）,保障残疾人权益，涵盖教育、康复、就业等方面，明确残疾人特殊教育的法律地位和支持措施。,浙江省,1998-01-01,1998-01-01,999999,330000,"

法律与制度保障",https://www.pkulaw.com/
policy_110,福建省特殊教育提升计划（2014-2016年）,提升特殊教育普及水平，改善特殊教育学校办学条件，推动残疾儿童义务教育入学率提升，开展医教结合试点。,福建省,2014-01-01,2014-01-01,2016-12-31,350000,"

支持与服务体系",https://www.pkulaw.com/
policy_111,福建省第二期特殊教育提升计划（2017-2020年）,进一步推进特殊教育发展，完善特殊教育体系，提升教师专业水平，加强随班就读支持保障体系建设。,福建省,2017-01-01,2017-01-01,2020-12-31,350000,"

教育体系与安置模式",https://www.pkulaw.com/
policy_112,福建省人民政府办公厅关于进一步加强特殊教育工作的意见（2015年）,加强特殊教育资源配置，完善特殊教育体系，推进随班就读和送教上门服务，保障特殊教育经费投入。,福建省,2015-01-01,2015-01-01,999999,350000,"

教育体系与安置模式",https://www.pkulaw.com/
policy_113,福建省教育厅关于进一步加强特殊教育学校建设的意见（2016年）,强调特殊教育学校建设，改善硬件设施和师资力量，提升特殊教育学校办学水平。,福建省特殊教育学校,2016-01-01,2016-01-01,999999,350000,"

教育体系与安置模式",https://www.pkulaw.com/
policy_114,福建省教育厅关于进一步推进随班就读工作的指导意见（2017年）,推动普通学校接纳特殊教育学生，提供必要支持，完善随班就读工作机制。,福建省普通学校,2017-01-01,2017-01-01,999999,350000,"

教育体系与安置模式",https://www.pkulaw.com/
policy_115,福建省教育厅关于进一步加强特殊教育教师队伍建设的意见（2018年）,提升特殊教育教师的专业能力和待遇，加强教师培训和职业发展支持。,福建省特殊教育教师,2018-01-01,2018-01-01,999999,350000,"

师资与专业发展",https://www.pkulaw.com/
policy_116,福建省教育厅关于进一步加强特殊教育学校课程建设的指导意见（2019年）,完善特殊教育学校课程体系，推进课程改革，满足残疾学生多样化需求，提升教育教学质量。,福建省特殊教育学校,2019-01-01,2019-01-01,999999,350000,"

教育体系与安置模式",https://www.pkulaw.com/
policy_117,福建省教育厅关于进一步加强特殊教育学校学生资助工作的意见（2020年）,确保特殊教育学生获得经济支持，减轻家庭负担，完善学生资助体系。,福建省特殊教育学生,2020-01-01,2020-01-01,999999,350000,"

经费保障政策",https://www.pkulaw.com/
policy_118,福建省教育厅关于进一步加强特殊教育学校安全管理工作的意见（2021年）,加强特殊教育学校的安全管理，保障学生安全，完善安全管理制度和应急预案。,福建省特殊教育学校,2021-01-01,2021-01-01,999999,350000,"

法律与制度保障",https://www.pkulaw.com/
policy_119,福建省残疾人保障条例（1995年通过，多次修订）,保障残疾人权益，涵盖教育、康复、就业等方面，明确残疾人特殊教育的法律地位和支持措施。,福建省,1995-01-01,1995-01-01,999999,350000,"

法律与制度保障",https://www.pkulaw.com/
policy_120,江西省 “十四五” 特殊教育发展提升行动方案,巩固提高残疾儿童少年义务教育普及水平，拓展非义务教育阶段特殊教育发展，推动特殊教育融合发展，提升特殊教育支撑保障能力，优化特殊教育师资队伍建设。,江西省,2021-01-01,2021-01-01,2025-12-31,360000,"

教育体系与安置模式",https://www.pkulaw.com/
policy_121,江西省 “十三五” 特殊教育提升计划,巩固提高特殊教育普及水平，提升特殊教育学校办学条件，完善特殊教育保障机制，加强特殊教育教师队伍建设。,江西省,2016-01-01,2016-01-01,2020-12-31,360000,"

支持与服务体系",https://www.pkulaw.com/
policy_122,江西省 “十二五” 特殊教育发展计划,扩大特殊教育资源，改善特殊教育学校办学条件，提高残疾儿童少年义务教育入学率，加强特殊教育师资培养。,江西省,2011-01-01,2011-01-01,2015-12-31,360000,"

教育体系与安置模式",https://www.pkulaw.com/
policy_123,江西省 “十一五” 特殊教育发展规划,加强特殊教育基础设施建设，提高特殊教育普及程度，完善特殊教育服务体系，推动特殊教育与康复服务相结合。,江西省,2006-01-01,2006-01-01,2010-12-31,360000,"

支持与服务体系",https://www.pkulaw.com/
policy_124,江西省 “十五” 特殊教育发展纲要,重点发展义务教育阶段特殊教育，加强特殊教育师资队伍建设，完善特殊教育经费保障机制，推动特殊教育与职业教育相结合。,江西省,2001-01-01,2001-01-01,2005-12-31,360000,教育体系与安置模式,https://www.pkulaw.com/
policy_125,江西省 “九五” 特殊教育发展规划,扩大特殊教育规模，提高特殊教育质量，加强特殊教育师资培训，完善特殊教育管理体制。,江西省,1996-01-01,1996-01-01,2000-12-31,360000,"

师资与专业发展",https://www.pkulaw.com/
policy_126,江西省 “八五” 特殊教育发展计划,初步建立特殊教育体系，加强特殊教育学校建设，提高特殊教育师资水平，推动特殊教育与康复服务相结合。,江西省,1991-01-01,1991-01-01,1995-12-31,360000,"

教育体系与安置模式",https://www.pkulaw.com/
policy_127,江西省 “十四五” 残疾人保障和发展规划,建设高质量的残疾人特殊教育体系，提升残疾人特殊教育水平，完善特殊教育保障机制。,江西省,2021-01-01,2021-01-01,2025-12-31,360000,"

教育体系与安置模式",https://www.pkulaw.com/
policy_128,江西省人民政府办公厅关于转发省教育厅等部门江西省 “十四五” 特殊教育发展提升行动方案的通知,转发并落实《江西省 “十四五” 特殊教育发展提升行动方案》，明确各部门职责，推动特殊教育高质量发展。,江西省,2021-01-01,2021-01-01,2025-12-31,360000,"

其他相关领域",https://www.pkulaw.com/
policy_129,江西省关于加强特殊教育教师队伍建设的指导意见,加强特殊教育师资培养，提高特殊教育教师待遇，完善特殊教育教师培训体系。,江西省,2020-01-01,2020-01-01,2025-12-31,360000,"

师资与专业发展",https://www.pkulaw.com/
policy_130,江西省关于进一步加强特殊教育学校建设的意见,改善特殊教育学校办学条件，加强特殊教育学校基础设施建设，提升特殊教育学校管理水平。,江西省,2019-01-01,2019-01-01,2024-12-31,360000,"

支持与服务体系",https://www.pkulaw.com/
policy_131,江西省关于加强特殊教育经费保障的若干措施,提高特殊教育生均公用经费标准，完善特殊教育经费投入机制，加强特殊教育经费管理。,江西省,2021-01-01,2021-01-01,2025-12-31,360000,"

经费保障政策",https://www.pkulaw.com/
policy_132,江西省关于推进特殊教育融合发展的实施方案,推动特殊教育与普通教育融合发展，加强融合教育资源建设，提高融合教育质量。,江西省,2022-01-01,2022-01-01,2025-12-31,360000,"

支持与服务体系",https://www.pkulaw.com/
policy_133,江西省关于加强孤独症儿童康复教育的若干政策,提出孤独症儿童康复训练最低补助标准，重点保障对象可享受全程救助，推动特殊教育学校增设职教部（班）。,江西省,2023-01-01,2023-01-01,2025-12-31,360000,"

经费保障政策",https://www.pkulaw.com/
policy_134,江西省关于提高特殊教育生均公用经费标准的通知,提高特殊教育生均公用经费标准，确保特殊教育学校和随班就读残疾学生生均公用经费达到规定标准。,江西省,2021-01-01,2021-01-01,2025-12-31,360000,"

经费保障政策",https://www.pkulaw.com/
policy_135,江西省关于完善特殊教育资助体系的指导意见,完善特殊教育资助体系，扩大资助范围，提高资助标准，确保残疾学生不因经济困难而失学。,江西省,2020-01-01,2020-01-01,2025-12-31,360000,"

经费保障政策",https://www.pkulaw.com/
policy_136,江西省关于加强特殊教育学校康复设施建设的通知,加强特殊教育学校康复设施建设，提升残疾学生康复服务水平。,江西省,2023-01-01,2023-01-01,2025-12-31,360000,"

支持与服务体系",https://www.pkulaw.com/
policy_137,山东省特殊教育提升计划（2014—2016 年）,提出普及残疾儿童少年义务教育，入学率达 95%，发展学前及高中阶段特殊教育，构建医教结合体系，提高生均经费至 6000 元 / 年。,山东省,2014-07-15,2014-07-15,2016-12-31,370000,"

支持与服务体系",https://www.pkulaw.com/
policy_138,山东省第二期特殊教育提升计划（2018—2020 年）,推进 15 年免费教育，义务教育入学率达 96% 以上，加强特殊教育学校标准化建设，实施 “康教结合” 实验，扩大高中段教育规模。,山东省,2018-03-21,2018-03-21,2020-12-31,370000,"

教育体系与安置模式",https://www.pkulaw.com/
policy_139,山东省 “十四五” 特殊教育发展提升行动计划,目标到 2025 年实现 15 年免费教育全覆盖，义务教育入学率稳定在 99% 以上，建设孤独症儿童特教学校，提高生均经费至 9000 元 / 年。,山东省,2021-01-01,2021-01-01,2025-12-31,370000,"

法律与制度保障",https://www.pkulaw.com/
policy_140,山东省特殊教育中职部（班）设置标准,规范特殊教育中职部建设，明确专业设置、师资配备及教学设施要求，推动职业教育与特殊教育融合。,山东省特殊教育学校及中职机构,2021-01-01,2021-01-01,999999,370000,"

其他相关领域",https://www.pkulaw.com/
policy_141,山东省关于加强特殊教育教师队伍建设的指导意见,提高特教教师编制标准（1:3-4），落实 25% 特教津贴，建立教师全员轮训机制，实施公费师范生定向培养。,山东省特殊教育教师,2016-01-01,2016-01-01,999999,370000,师资与专业发展,https://www.pkulaw.com/
policy_142,山东省关于推进特殊教育融合发展的实施方案,建设省级随班就读示范区、示范校，推动普通学校资源教室全覆盖，建立残疾学生 “一人一案” 入学安置机制。,山东省,2021-01-01,2021-01-01,2025-12-31,370000,"

教育体系与安置模式",https://www.pkulaw.com/
policy_143,山东省关于加强孤独症儿童康复教育的若干政策,明确孤独症儿童康复训练补助标准，支持特教学校增设孤独症班级，推动 500 万人口以上城市建设专门学校。,山东省,2023-01-01,2023-01-01,2025-12-31,370000,教育体系与安置模式,https://www.pkulaw.com/
policy_144,山东省关于提高特殊教育生均公用经费标准的通知,2021 年义务教育生均经费达 9000 元 / 年，覆盖随班就读、送教上门及非义务教育阶段学生。,山东省特殊教育学校及残疾学生,2021-01-01,2021-01-01,2025-12-31,370000,"

经费保障政策",https://www.pkulaw.com/
policy_145,山东省关于完善特殊教育资助体系的指导意见,实施 15 年免费教育（含学前至高中），提高家庭经济困难学生生活补助，优先资助高等教育阶段残疾学生。,山东省残疾学生,2015-09-01,2015-09-01,999999,370000,"

经费保障政策",https://www.pkulaw.com/
policy_146,河南省残疾人事业 “九五” 计划纲要（1996 年）,未明确具体内容，需结合历史背景推断为推动残疾人教育、就业等事业发展。,河南省,1996-01-01,1996-01-01,2000-12-31,410000,"

其他相关领域",https://www.pkulaw.com/
policy_147,河南省残疾人事业 “十五” 计划纲要（2001 年）,未明确具体内容，需结合历史背景推断为延续残疾人教育、康复等领域的支持。,河南省,2001-01-01,2001-01-01,2005-12-31,410000,"

支持与服务体系",https://www.pkulaw.com/
policy_148,河南省残疾人事业 “十一五” 发展规划（2006 年）,未明确具体内容，需结合历史背景推断为加强残疾人教育、就业和社会保障。,河南省,2006-01-01,2006-01-01,2010-12-31,410000,教育体系与安置模式,https://www.pkulaw.com/
policy_149,河南省残疾人事业 “十二五” 发展规划（2011 年）,未明确具体内容，需结合历史背景推断为推动残疾人教育普及和服务体系建设。,河南省,2011-01-01,2011-01-01,2015-12-31,410000,"

法律与制度保障",https://www.pkulaw.com/
policy_150,河南省特殊教育提升计划（2014-2016 年）,要求 30 万人口以上县独立设置特殊教育学校，提高残疾儿童义务教育入学率，改善办学条件。,河南省,2014-12-25,2014-12-25,2016-12-31,410000,"

教育体系与安置模式",https://www.pkulaw.com/
policy_151,河南省第二期特殊教育提升计划（2017-2020 年）,目标为残疾儿童义务教育入学率达 95% 以上，推动特殊教育向学前和高中阶段延伸。,河南省,2017-01-01,2017-01-01,2020-12-31,410000,"

教育体系与安置模式",https://www.pkulaw.com/
policy_152,河南省 “十四五” 特殊教育发展提升行动计划（2021 年）,到 2025 年，适龄残疾儿童义务教育入学率达 97% 以上，鼓励建设十五年一贯制特殊教育学校。,河南省,2023-01-19,2023-01-19,2025-12-31,410000,"

教育体系与安置模式",https://www.pkulaw.com/
policy_153,河南省教育厅关于做好残疾儿童少年义务教育招生入学工作的通知（2018 年）,要求确保适龄残疾儿童 “应入尽入”，优先采用随班就读、送教上门等方式。,河南省,2018-01-01,2018-01-01,999999,410000,"

教育体系与安置模式",https://www.pkulaw.com/
policy_154,河南省特殊教育学校办学标准（2015 年）,明确特殊教育学校的建设标准、课程设置和设施要求。,河南省,2015-01-01,2015-01-01,999999,410000,"

教育体系与安置模式",https://www.pkulaw.com/
policy_155,"湖北省残疾人事业 ""九五"" 计划纲要（1996 年）",聚焦残疾人教育、就业、康复三大核心领域，提出普及残疾儿童义务教育、建立职业培训体系、完善医疗康复服务网络，构建覆盖城乡的残疾人社会保障框架，推动残疾人平等参与社会生活。,湖北省,1996-01-01,1996-01-01,2000-12-31,420000,"

教育体系与安置模式",https://www.pkulaw.com/
policy_156,"湖北省特殊教育 ""十五"" 发展规划（2001 年）","延续 ""九五"" 计划基础，重点推进特殊教育规范化建设，要求 30 万人口以上县（市、区）独立设置特教学校，建立随班就读支持机制，强化师资培训，探索普特融合教育模式，为残疾儿童提供多元化教育服务。",湖北省,2001-01-01,2001-01-01,2005-12-31,420000,"

教育体系与安置模式",https://www.pkulaw.com/
policy_157,"湖北省残疾人事业 ""十一五"" 发展规划（2006 年）","构建 ""教育 - 就业 - 保障"" 三位一体服务体系，提出残疾儿童义务教育入学率达 85%，建立残疾人职业技能培训基地，完善城乡低保制度，将残疾人纳入医疗、养老等社会保障范畴，推动残疾人服务设施标准化建设。",湖北省,2006-01-01,2006-01-01,2010-12-31,420000,支持与服务体系,https://www.pkulaw.com/
policy_158,湖北省特殊教育学校建设标准（2008 年）,明确特殊教育学校选址、校舍面积、功能分区及设施设备配置标准，要求配备康复训练室、资源教室等专业场所，强化无障碍环境建设，为特教学校规范化发展提供依据。,湖北省特殊教育学校,2008-01-01,2008-01-01,999999,420000,"

支持与服务体系",https://www.pkulaw.com/
policy_159,"湖北省残疾人事业 ""十二五"" 发展规划（2011 年）","提出 ""人人享有康复服务"" 目标，建立医教结合机制，推进残疾人职业教育与高等教育发展，完善就业援助政策，将重度残疾人纳入护理补贴范围，构建 ""政府主导、社会参与"" 的残疾人服务新格局。",湖北省,2011-01-01,2011-01-01,2015-12-31,420000,"

教育体系与安置模式",https://www.pkulaw.com/
policy_160,湖北省特殊教育提升计划（2014-2016 年）,以普及残疾儿童义务教育为核心，要求入学率达 95%，提高生均经费至 6000 元 / 年，推进随班就读和送教上门服务，建立残疾儿童信息共享平台，试点医教结合康复模式。,湖北省,2014-01-01,2014-01-01,2016-12-31,420000,"

教育体系与安置模式",https://www.pkulaw.com/
policy_161,湖北省第二期特殊教育提升计划（2017-2020 年）,推动特殊教育向学前和高中阶段延伸，要求义务教育入学率巩固至 95% 以上，建立特殊教育学校与普通学校结对机制，强化随班就读资源教室建设，提高特教教师津贴至基本工资 30%。,湖北省,2017-01-01,2017-01-01,2020-12-31,420000,"

教育体系与安置模式",https://www.pkulaw.com/
policy_162,湖北省残疾人教育条例（2018 年修订）,"明确残疾人受教育权利，规范融合教育实施路径，要求普通学校接收符合条件的残疾学生，建立 ""一人一案"" 教育安置制度，保障特殊教育教师职业发展权益。",湖北省,2018-01-01,2018-01-01,999999,420000,"

教育体系与安置模式",https://www.pkulaw.com/
policy_163,湖北省残疾儿童康复救助实施办法（2018 年）,建立 0-15 岁残疾儿童康复救助制度，提供医疗康复、教育康复等服务，补贴标准最高达 1.2 万元 / 年，实现筛查、诊断、康复、教育全链条覆盖。,湖北省,2018-01-01,2018-01-01,999999,420000,"

经费保障政策",https://www.pkulaw.com/
policy_164,湖北省特殊教育学校教师津贴发放办法（2016 年）,明确特教教师津贴标准为基本工资 30%，并向承担送教上门、随班就读指导任务的教师倾斜，建立绩效奖励机制，提升教师职业吸引力。,湖北省特殊教育学校教师,2016-01-01,2016-01-01,999999,420000,"

师资与专业发展",https://www.pkulaw.com/
policy_165,湖北省特殊教育生均公用经费标准（2017 年）,将义务教育阶段生均经费从 6000 元 / 年逐步提升至 7000 元 / 年，高中阶段按普通学校 8 倍标准拨付，强化经费使用监管，保障特教学校运转。,湖北省特殊教育学校,2017-01-01,2017-01-01,999999,420000,经费保障政策,https://www.pkulaw.com/
policy_166,湖北省随班就读工作管理办法（2019 年）,规范普通学校随班就读流程，要求接收 5 名以上残疾学生的学校设立资源教室，配备专业教师，建立普特教师轮岗制度，保障残疾学生平等参与课堂教学。,湖北省普通学校及残疾学生,2019-01-01,2019-01-01,999999,420000,"

支持与服务体系",https://www.pkulaw.com/
policy_167,"湖北省 ""十四五"" 特殊教育发展提升行动计划（2021 年）","以融合教育为核心，提出适龄残疾儿童入学率达 97%，推进孤独症儿童教育康复体系建设，实施特教学校办学质量评估，构建 ""高校 - 特校 - 普校"" 协同育人机制。",湖北省,2021-01-01,2021-01-01,2025-12-31,420000,"

教育体系与安置模式",https://www.pkulaw.com/
policy_168,湖北省残疾学生资助管理办法（2018 年）,"覆盖学前至高等教育阶段，提供学费减免、生活补助等资助，其中义务教育 ""两免一补""、大学生最高 8000 元 / 年学费减免，确保家庭经济困难学生不因贫失学。",湖北省残疾学生,2018-01-01,2018-01-01,999999,420000,"

经费保障政策",https://www.pkulaw.com/
policy_169,湖北省特殊教育学校办学质量评估标准（2020 年）,从师资队伍、课程建设、康复服务、校园安全等维度构建评估体系，强化结果应用，推动特教学校优化管理、提升教育教学质量。,湖北省特殊教育学校,2020-01-01,2020-01-01,999999,420000,"

监测与督导评估",https://www.pkulaw.com/
policy_170,"湖南省残疾人事业 ""九五"" 计划纲要（1996 年）",聚焦残疾人教育、就业与康复，提出普及残疾儿童义务教育，建立职业培训体系，完善医疗康复服务网络，构建城乡残疾人社会保障框架。,湖南省,1996-01-01,1996-01-01,2000-12-31,430000,"

教育体系与安置模式",https://www.pkulaw.com/
policy_171,"湖南省特殊教育 ""十五"" 发展规划（2001 年）",推进特殊教育规范化建设，要求 30 万人口以上县（市、区）独立设置特教学校，建立随班就读支持机制，强化师资培训，探索普特融合教育模式。,湖南省,2001-01-01,2001-01-01,2005-12-31,430000,"<think>
嗯，我现在需要根据提供的政策摘要来选择最匹配的顶级分类。首先，我要仔细阅读政策内容，然后分析它涉及哪些方面。

政策摘要是：“推进特殊教育规范化建设，要求30万人口以上县",https://www.pkulaw.com/
policy_172,"湖南省残疾人事业 ""十一五"" 发展规划（2006 年）","构建 ""教育 - 就业 - 保障"" 体系，提出残疾儿童义务教育入学率达 73.27%，建立职业技能培训基地，完善低保制度，将残疾人纳入医疗、养老保障范畴。",湖南省,2006-01-01,2006-01-01,2010-12-31,430000,支持与服务体系,https://www.pkulaw.com/
policy_173,湖南省特殊教育学校建设标准（2007 年）,明确特教学校选址、校舍面积、功能分区及设施配置标准，要求配备康复训练室、资源教室等专业场所，强化无障碍环境建设。,湖南省特殊教育学校,2007-01-01,2007-01-01,999999,430000,"

支持与服务体系",https://www.pkulaw.com/
policy_174,"湖南省残疾人事业 ""十二五"" 发展规划（2011 年）","提出 ""人人享有康复服务"" 目标，建立医教结合机制，推进职业教育与高等教育发展，完善就业援助政策，将重度残疾人纳入护理补贴范围。",湖南省,2011-01-01,2011-01-01,2015-12-31,430000,"

支持与服务体系",https://www.pkulaw.com/
policy_175,湖南省特殊教育提升计划（2014-2016 年）,以普及残疾儿童义务教育为核心，目标入学率达 95%，提高生均经费至 6000 元 / 年，推进随班就读和送教上门，试点医教结合康复模式。,湖南省,2014-01-01,2014-01-01,2016-12-31,430000,"

教育体系与安置模式",https://www.pkulaw.com/
policy_176,湖南省第二期特殊教育提升计划（2017-2020 年）,推动特殊教育向学前和高中阶段延伸，巩固义务教育入学率至 95% 以上，强化随班就读资源教室建设，提高特教教师津贴至基本工资 30%。,湖南省,2017-01-01,2017-01-01,2020-12-31,430000,"

支持与服务体系",https://www.pkulaw.com/
policy_177,湖南省残疾人教育条例（2018 年修订）,"保障残疾人受教育权利，规范融合教育实施路径，要求普通学校接收符合条件的残疾学生，建立 ""一人一案"" 教育安置制度。",湖南省,2018-01-01,2018-01-01,999999,430000,"

教育体系与安置模式",https://www.pkulaw.com/
policy_178,湖南省残疾儿童康复救助实施办法（2018 年）,建立 0-15 岁残疾儿童康复救助制度，提供医疗、教育康复服务，补贴标准最高达 1.2 万元 / 年，实现筛查、诊断、康复、教育全链条覆盖。,湖南省,2018-01-01,2018-01-01,999999,430000,"

支持与服务体系",https://www.pkulaw.com/
policy_179,湖南省特殊教育学校教师津贴发放办法（2015 年）,明确特教教师津贴标准为基本工资 30%，向承担送教上门、随班就读指导任务的教师倾斜，建立绩效奖励机制。,湖南省特殊教育学校教师,2015-01-01,2015-01-01,999999,430000,"

师资与专业发展",https://www.pkulaw.com/
policy_180,湖南省特殊教育生均公用经费标准（2016 年）,将义务教育阶段生均经费逐步提升至 7000 元 / 年，高中阶段按普通学校 8 倍标准拨付，强化经费使用监管。,湖南省特殊教育学校,2016-01-01,2016-01-01,999999,430000,"

经费保障政策",https://www.pkulaw.com/
policy_181,湖南省随班就读工作管理办法（2018 年）,规范普通学校随班就读流程，要求接收 5 名以上残疾学生的学校设立资源教室，配备专业教师，建立普特教师轮岗制度。,湖南省普通学校及残疾学生,2018-01-01,2018-01-01,999999,430000,"

支持与服务体系",https://www.pkulaw.com/
policy_182,"湖南省 ""十四五"" 特殊教育发展提升行动计划（2021 年）","以融合教育为核心，提出适龄残疾儿童入学率达 97%，推进孤独症儿童教育康复体系建设，实施特教学校办学质量评估，构建 ""高校 - 特校 - 普校"" 协同育人机制。",湖南省,2021-01-01,2021-01-01,2025-12-31,430000,"

教育体系与安置模式",https://www.pkulaw.com/
policy_183,湖南省残疾学生资助管理办法（2017 年）,"覆盖学前至高等教育阶段，提供学费减免、生活补助等资助，其中义务教育 ""两免一补""、大学生最高 8000 元 / 年学费减免。",湖南省残疾学生,2017-01-01,2017-01-01,999999,430000,"

经费保障政策",https://www.pkulaw.com/
policy_184,湖南省特殊教育学校办学质量评估标准（2019 年）,从师资、课程、康复、安全等维度构建评估体系，强化结果应用，推动特教学校优化管理、提升教育教学质量。,湖南省特殊教育学校,2019-01-01,2019-01-01,999999,430000,"

师资与专业发展",https://www.pkulaw.com/
policy_185,"广东省残疾人事业 ""九五"" 计划纲要（1996 年）",聚焦残疾人教育、就业与康复，提出普及残疾儿童义务教育，建立职业培训体系，完善医疗康复服务网络，构建城乡残疾人社会保障框架。,广东省,1996-01-01,1996-01-01,2000-12-31,440000,支持与服务体系,https://www.pkulaw.com/
policy_186,"广东省特殊教育 ""十五"" 发展规划（2001 年）",推进特殊教育规范化建设，要求 30 万人口以上县（市、区）独立设置特教学校，建立随班就读支持机制，强化师资培训，探索普特融合教育模式。,广东省,2001-01-01,2001-01-01,2005-12-31,440000,教育体系与安置模式,https://www.pkulaw.com/
policy_187,"广东省残疾人事业 ""十一五"" 发展规划（2006 年）","构建 ""教育 - 就业 - 保障"" 体系，提出残疾儿童义务教育入学率达 73.27%，建立职业技能培训基地，完善低保制度，将残疾人纳入医疗、养老保障范畴。",广东省,2006-01-01,2006-01-01,2010-12-31,440000,"

法律与制度保障",https://www.pkulaw.com/
policy_188,广东省特殊教育学校建设标准（2007 年）,明确特教学校选址、校舍面积、功能分区及设施配置标准，要求配备康复训练室、资源教室等专业场所，强化无障碍环境建设。,广东省特殊教育学校,2007-01-01,2007-01-01,999999,440000,"

支持与服务体系",https://www.pkulaw.com/
policy_189,"广东省残疾人事业 ""十二五"" 发展规划（2011 年）","提出 ""人人享有康复服务"" 目标，建立医教结合机制，推进职业教育与高等教育发展，完善就业援助政策，将重度残疾人纳入护理补贴范围。",广东省,2011-01-01,2011-01-01,2015-12-31,440000,"

支持与服务体系",https://www.pkulaw.com/
policy_190,广东省特殊教育提升计划（2014-2016 年）,以普及残疾儿童义务教育为核心，目标入学率达 95%，提高生均经费至 6000 元 / 年，推进随班就读和送教上门，试点医教结合康复模式。,广东省,2014-01-01,2014-01-01,2016-12-31,440000,"

经费保障政策",https://www.pkulaw.com/
policy_191,广东省第二期特殊教育提升计划（2017-2020 年）,推动特殊教育向学前和高中阶段延伸，巩固义务教育入学率至 95% 以上，强化随班就读资源教室建设，提高特教教师津贴至基本工资 30%。,广东省,2017-01-01,2017-01-01,2020-12-31,440000,"

教育体系与安置模式",https://www.pkulaw.com/
policy_192,广东省残疾人教育条例（2018 年修订）,"保障残疾人受教育权利，规范融合教育实施路径，要求普通学校接收符合条件的残疾学生，建立 ""一人一案"" 教育安置制度。",广东省,2018-01-01,2018-01-01,999999,440000,"

教育体系与安置模式",https://www.pkulaw.com/
policy_193,广东省残疾儿童康复救助实施办法（2018 年）,建立 0-15 岁残疾儿童康复救助制度，提供医疗、教育康复服务，补贴标准最高达 1.2 万元 / 年，实现筛查、诊断、康复、教育全链条覆盖。,广东省,2018-01-01,2018-01-01,999999,440000,"

支持与服务体系",https://www.pkulaw.com/
policy_194,广东省特殊教育学校教师津贴发放办法（2015 年）,明确特教教师津贴标准为基本工资 30%，向承担送教上门、随班就读指导任务的教师倾斜，建立绩效奖励机制。,广东省特殊教育学校教师,2015-01-01,2015-01-01,999999,440000,"

师资与专业发展",https://www.pkulaw.com/
policy_195,广东省特殊教育生均公用经费标准（2016 年）,将义务教育阶段生均经费逐步提升至 7000 元 / 年，高中阶段按普通学校 8 倍标准拨付，强化经费使用监管。,广东省特殊教育学校,2016-01-01,2016-01-01,999999,440000,"

经费保障政策",https://www.pkulaw.com/
policy_196,广东省随班就读工作管理办法（2018 年）,规范普通学校随班就读流程，要求接收 5 名以上残疾学生的学校设立资源教室，配备专业教师，建立普特教师轮岗制度。,广东省普通学校及残疾学生,2018-01-01,2018-01-01,999999,440000,"

支持与服务体系",https://www.pkulaw.com/
policy_197,"广东省 ""十四五"" 特殊教育发展提升行动计划（2021 年）","以融合教育为核心，提出适龄残疾儿童入学率达 97%，推进孤独症儿童教育康复体系建设，实施特教学校办学质量评估，构建 ""高校 - 特校 - 普校"" 协同育人机制。",广东省,2021-01-01,2021-01-01,2025-12-31,440000,"

支持与服务体系",https://www.pkulaw.com/
policy_198,广东省残疾学生资助管理办法（2017 年）,"覆盖学前至高等教育阶段，提供学费减免、生活补助等资助，其中义务教育 ""两免一补""、大学生最高 8000 元 / 年学费减免。",广东省残疾学生,2017-01-01,2017-01-01,999999,440000,"

经费保障政策",https://www.pkulaw.com/
policy_199,广东省特殊教育学校办学质量评估标准（2019 年）,从师资、课程、康复、安全等维度构建评估体系，强化结果应用，推动特教学校优化管理、提升教育教学质量。,广东省特殊教育学校,2019-01-01,2019-01-01,999999,440000,"

监测与督导评估",https://www.pkulaw.com/
policy_200,"广东省 ""十四五"" 特殊教育发展提升行动计划实施方案（2022 年）","细化 ""十四五"" 行动计划，明确融合教育资源建设、教师队伍专业化、孤独症教育等重点任务，提出 2025 年建成高质量特殊教育体系。",广东省,2022-01-01,2022-01-01,2025-12-31,440000,"

教育体系与安置模式",https://www.pkulaw.com/
policy_201,广东省特殊教育学校办学条件达标工程实施方案（2023 年）,推进特教学校标准化建设，重点改善康复设施、信息化设备及无障碍环境，计划 2025 年前实现达标。,广东省特殊教育学校,2023-01-01,2023-01-01,2025-12-31,440000,"

支持与服务体系",https://www.pkulaw.com/
policy_202,广东省特殊教育质量提升三年行动计划（2023-2025 年）,聚焦课程改革、师资培训、质量监测三大领域，提出 2025 年特殊教育学校优质率达 80% 以上。,广东省,2023-01-01,2023-01-01,2025-12-31,440000,"

教育体系与安置模式",https://www.pkulaw.com/
policy_203,"海南省残疾人事业 ""九五"" 计划纲要（1996 年）",围绕残疾人教育、就业与康复三大领域，提出普及残疾儿童义务教育、建立职业培训网络、完善医疗康复服务体系，构建覆盖城乡的残疾人社会保障框架。,海南省,1996-01-01,1996-01-01,2000-12-31,460000,"

支持与服务体系",https://www.pkulaw.com/
policy_204,"海南省特殊教育 ""十五"" 发展规划（2001 年）",推动特殊教育规范化发展，要求 30 万人口以上市县独立设置特教学校，建立随班就读支持体系，强化师资专业化培训，探索普特融合教育模式。,海南省,2001-01-01,2001-01-01,2005-12-31,460000,"

教育体系与安置模式",https://www.pkulaw.com/
policy_205,"海南省残疾人事业 ""十一五"" 发展规划（2006 年）","构建 ""教育 - 就业 - 保障"" 一体化体系，提出残疾儿童义务教育入学率达 73%，建立职业技能培训基地，完善低保制度，将残疾人纳入医疗、养老保障范围。",海南省,2006-01-01,2006-01-01,2010-12-31,460000,"

其他相关领域",https://www.pkulaw.com/
policy_206,海南省特殊教育学校建设标准（试行）（2008 年）,明确特教学校选址、校舍面积及设施配置要求，强调康复训练室、资源教室等专业功能区建设，强化无障碍环境设计标准。,海南省特殊教育学校,2008-01-01,2008-01-01,999999,460000,"

教育体系与安置模式",https://www.pkulaw.com/
policy_207,"海南省残疾人事业 ""十二五"" 发展规划（2011 年）","以 ""人人享有康复服务"" 为目标，建立医教结合机制，推进职业教育与高等教育发展，完善就业援助政策，将重度残疾人纳入护理补贴范围。",海南省,2011-01-01,2011-01-01,2015-12-31,460000,"

支持与服务体系",https://www.pkulaw.com/
policy_208,海南省特殊教育提升计划（2014-2016 年）,以普及残疾儿童义务教育为核心，目标入学率达 95%，提高生均经费至 6000 元 / 年，推进随班就读和送教上门，试点医教结合康复模式。,海南省,2014-01-01,2014-01-01,2016-12-31,460000,"

教育体系与安置模式",https://www.pkulaw.com/
policy_209,海南省第二期特殊教育提升计划（2017-2020 年）,推动特殊教育向学前和高中阶段延伸，巩固义务教育入学率至 95% 以上，强化随班就读资源教室建设，提高特教教师津贴至基本工资 30%。,海南省,2017-01-01,2017-01-01,2020-12-31,460000,"

教育体系与安置模式",https://www.pkulaw.com/
policy_210,海南省残疾人教育条例（2018 年修订）,"保障残疾人受教育权利，规范融合教育实施路径，要求普通学校接收符合条件的残疾学生，建立 ""一人一案"" 教育安置制度。",海南省,2018-01-01,2018-01-01,999999,460000,"

教育体系与安置模式",https://www.pkulaw.com/
policy_211,海南省残疾儿童康复救助实施办法（2018 年）,建立 0-15 岁残疾儿童康复救助制度，提供医疗、教育康复服务，补贴标准最高达 1.2 万元 / 年，实现筛查、诊断、康复、教育全链条覆盖。,海南省,2018-01-01,2018-01-01,999999,460000,"

教育体系与安置模式",https://www.pkulaw.com/
policy_212,海南省特殊教育教师津贴发放暂行办法（2015 年）,明确特教教师津贴标准为基本工资 30%，向承担送教上门、随班就读指导任务的教师倾斜，建立绩效奖励机制。,海南省特殊教育学校教师,2015-01-01,2015-01-01,999999,460000,"

教育体系与安置模式",https://www.pkulaw.com/
policy_213,海南省特殊教育生均公用经费标准（2016 年）,将义务教育阶段生均经费逐步提升至 7000 元 / 年，高中阶段按普通学校 8 倍标准拨付，强化经费使用监管。,海南省特殊教育学校,2016-01-01,2016-01-01,999999,460000,"

经费保障政策",https://www.pkulaw.com/
policy_214,海南省随班就读工作管理细则（2018 年）,规范普通学校随班就读流程，要求接收 5 名以上残疾学生的学校设立资源教室，配备专业教师，建立普特教师轮岗制度。,海南省普通学校及残疾学生,2018-01-01,2018-01-01,999999,460000,"

支持与服务体系",https://www.pkulaw.com/
policy_215,"海南省 ""十四五"" 特殊教育发展提升行动计划（2021 年）","以融合教育为核心，提出适龄残疾儿童入学率达 98.5%，推进孤独症儿童教育康复体系建设，实施特教学校办学质量评估，构建 ""高校 - 特校 - 普校"" 协同育人机制。",海南省,2021-01-01,2021-01-01,2025-12-31,460000,"

监测与督导评估",https://www.pkulaw.com/
policy_216,海南省残疾学生资助管理办法（2017 年）,"覆盖学前至高等教育阶段，提供学费减免、生活补助等资助，其中义务教育 ""两免一补""、大学生最高 8000 元 / 年学费减免。",海南省残疾学生,2017-01-01,2017-01-01,999999,460000,"

经费保障政策",https://www.pkulaw.com/
policy_217,海南省特殊教育学校办学质量评估指标体系（2019 年）,从师资、课程、康复、安全等维度构建评估体系，强化结果应用，推动特教学校优化管理、提升教育教学质量。,海南省特殊教育学校,2019-01-01,2019-01-01,999999,460000,"

支持与服务体系",https://www.pkulaw.com/
policy_218,"四川省残疾人事业 ""九五"" 计划纲要（1996 年）",围绕残疾人教育、就业与康复三大领域，提出普及残疾儿童义务教育、建立职业培训网络、完善医疗康复服务体系，构建覆盖城乡的残疾人社会保障框架。,四川省,1996-01-01,1996-01-01,2000-12-31,510000,"

其他相关领域",https://www.pkulaw.com/
policy_219,"四川省特殊教育 ""十五"" 发展规划（2001 年）",推动特殊教育规范化发展，要求 30 万人口以上市县独立设置特教学校，建立随班就读支持体系，强化师资专业化培训，探索普特融合教育模式。,四川省,2001-01-01,2001-01-01,2005-12-31,510000,"

教育体系与安置模式",https://www.pkulaw.com/
policy_220,"四川省残疾人事业 ""十一五"" 发展规划（2006 年）","构建 ""教育 - 就业 - 保障"" 一体化体系，提出残疾儿童义务教育入学率达 73%，建立职业技能培训基地，完善低保制度，将残疾人纳入医疗、养老保障范围。",四川省,2006-01-01,2006-01-01,2010-12-31,510000,"

法律与制度保障",https://www.pkulaw.com/
policy_221,四川省特殊教育学校建设标准（试行）（2007 年）,明确特教学校选址、校舍面积及设施配置要求，强调康复训练室、资源教室等专业功能区建设，强化无障碍环境设计标准。,四川省特殊教育学校,2007-01-01,2007-01-01,999999,510000,"

支持与服务体系",https://www.pkulaw.com/
policy_222,"四川省残疾人事业 ""十二五"" 发展规划（2011 年）","以 ""人人享有康复服务"" 为目标，建立医教结合机制，推进职业教育与高等教育发展，完善就业援助政策，将重度残疾人纳入护理补贴范围。",四川省,2011-01-01,2011-01-01,2015-12-31,510000,"

支持与服务体系",https://www.pkulaw.com/
policy_223,四川省特殊教育提升计划（2014-2016 年）,以普及残疾儿童义务教育为核心，目标入学率达 95%，提高生均经费至 6000 元 / 年，推进随班就读和送教上门，试点医教结合康复模式。,四川省,2014-01-01,2014-01-01,2016-12-31,510000,"

教育体系与安置模式",https://www.pkulaw.com/
policy_224,四川省第二期特殊教育提升计划（2017-2020 年）,推动特殊教育向学前和高中阶段延伸，巩固义务教育入学率至 95% 以上，强化随班就读资源教室建设，提高特教教师津贴至基本工资 30%。,四川省,2017-01-01,2017-01-01,2020-12-31,510000,"

支持与服务体系",https://www.pkulaw.com/
policy_225,四川省〈残疾人教育条例〉实施办法（2018 年修订）,"保障残疾人受教育权利，规范融合教育实施路径，要求普通学校接收符合条件的残疾学生，建立 ""一人一案"" 教育安置制度。",四川省,2018-01-01,2018-01-01,999999,510000,"

教育体系与安置模式",https://www.pkulaw.com/
policy_226,四川省残疾儿童康复救助实施办法（2018 年）,建立 0-15 岁残疾儿童康复救助制度，提供医疗、教育康复服务，补贴标准最高达 1.2 万元 / 年，实现筛查、诊断、康复、教育全链条覆盖。,四川省,2018-01-01,2018-01-01,999999,510000,"

支持与服务体系",https://www.pkulaw.com/
policy_227,四川省特殊教育教师津贴发放管理办法（2015 年）,明确特教教师津贴标准为基本工资 30%，向承担送教上门、随班就读指导任务的教师倾斜，建立绩效奖励机制。,四川省特殊教育学校教师,2015-01-01,2015-01-01,999999,510000,"

师资与专业发展",https://www.pkulaw.com/
policy_228,四川省特殊教育生均公用经费标准（2016 年）,将义务教育阶段生均经费逐步提升至 7000 元 / 年，高中阶段按普通学校 8 倍标准拨付，强化经费使用监管。,四川省特殊教育学校,2016-01-01,2016-01-01,999999,510000,"

经费保障政策",https://www.pkulaw.com/
policy_229,四川省随班就读工作管理办法（2018 年）,规范普通学校随班就读流程，要求接收 5 名以上残疾学生的学校设立资源教室，配备专业教师，建立普特教师轮岗制度。,四川省普通学校及残疾学生,2018-01-01,2018-01-01,999999,510000,"

支持与服务体系",https://www.pkulaw.com/
policy_230,"四川省 ""十四五"" 特殊教育发展提升行动计划（2021 年）","以融合教育为核心，提出适龄残疾儿童入学率达 98.5%，推进孤独症儿童教育康复体系建设，实施特教学校办学质量评估，构建 ""高校 - 特校 - 普校"" 协同育人机制。",四川省,2021-01-01,2021-01-01,2025-12-31,510000,"

教育体系与安置模式",https://www.pkulaw.com/
policy_231,四川省残疾学生资助管理办法（2017 年）,"覆盖学前至高等教育阶段，提供学费减免、生活补助等资助，其中义务教育 ""两免一补""、大学生最高 8000 元 / 年学费减免。",四川省残疾学生,2017-01-01,2017-01-01,999999,510000,"

经费保障政策",https://www.pkulaw.com/
policy_232,四川省特殊教育学校办学质量评估标准（2019 年）,从师资、课程、康复、安全等维度构建评估体系，强化结果应用，推动特教学校优化管理、提升教育教学质量。,四川省特殊教育学校,2019-01-01,2019-01-01,999999,510000,"

支持与服务体系",https://www.pkulaw.com/
policy_233,"四川省 ""十四五"" 特殊教育发展提升行动计划实施方案（2022 年）","细化 ""十四五"" 行动计划，明确融合教育资源建设、教师队伍专业化、孤独症教育等重点任务，提出 2025 年建成高质量特殊教育体系。",四川省,2022-01-01,2022-01-01,2025-12-31,510000,"

教育体系与安置模式",https://www.pkulaw.com/
policy_234,四川省特殊教育学校办学条件达标工程实施方案（2023 年）,推进特教学校标准化建设，重点改善康复设施、信息化设备及无障碍环境，计划 2025 年前实现达标。,四川省特殊教育学校,2023-01-01,2023-01-01,2025-12-31,510000,"

教育体系与安置模式",https://www.pkulaw.com/
policy_235,四川省特殊教育质量提升三年行动计划（2023-2025 年）,聚焦课程改革、师资培训、质量监测三大领域，提出 2025 年特殊教育学校优质率达 80% 以上。,四川省,2023-01-01,2023-01-01,2025-12-31,510000,"

教育体系与安置模式",https://www.pkulaw.com/
policy_236,四川省民族地区特殊教育发展行动计划（2019 年）,针对民族地区教育资源薄弱问题，加强特教学校建设，实施双语教育，保障少数民族残疾儿童受教育权利，提升区域特殊教育整体水平。,四川省民族地区,2019-01-01,2019-01-01,999999,510000,"

教育体系与安置模式",https://www.pkulaw.com/
policy_237,四川省特殊教育学校职业教育实施方案（2020 年）,推动特教学校职业教育与产业需求对接，开设适合残疾学生的职业技能课程，建立校企合作机制，促进残疾人就业创业。,四川省特殊教育学校,2020-01-01,2020-01-01,999999,510000,"

支持与服务体系",https://www.pkulaw.com/
policy_238,四川省特殊教育教研工作指导意见（2021 年）,加强特殊教育教学研究，建立省级教研网络，推广融合教育课程改革成果，提升教师专业化水平和教育教学质量。,四川省特殊教育机构,2021-01-01,2021-01-01,999999,510000,"

师资与专业发展",https://www.pkulaw.com/
policy_239,四川省特殊教育学校安全管理规范（2022 年）,规范特教学校安全管理制度，强化校园安全隐患排查，完善应急预案，保障残疾学生在校期间人身安全和心理健康。,四川省特殊教育学校,2022-01-01,2022-01-01,999999,510000,"

监测与督导评估",https://www.pkulaw.com/
policy_240,四川省特殊教育数字化校园建设标准（2023 年）,推动特教学校信息化建设，明确智慧校园平台、教学资源库、无障碍信息环境等建设标准，促进教育公平与质量提升。,四川省特殊教育学校,2023-01-01,2023-01-01,999999,510000,"

支持与服务体系",https://www.pkulaw.com/
policy_241,"贵州省残疾人事业 ""九五"" 计划纲要（1996 年）",以残疾人教育、就业、康复为核心，提出普及残疾儿童义务教育，建立职业培训网络，完善医疗康复服务体系，构建覆盖城乡的社会保障框架。,贵州省,1996-01-01,1996-01-01,2000-12-31,520000,"

其他相关领域",https://www.pkulaw.com/
policy_242,"贵州省特殊教育 ""十五"" 发展规划（2001 年）",推进特殊教育规范化发展，要求 30 万人口以上市县独立设置特教学校，建立随班就读支持体系，强化师资培训，探索普特融合教育模式。,贵州省,2001-01-01,2001-01-01,2005-12-31,520000,"

教育体系与安置模式",https://www.pkulaw.com/
policy_243,"贵州省残疾人事业 ""十一五"" 发展规划（2006 年）","构建 ""教育 - 就业 - 保障"" 一体化体系，提出残疾儿童义务教育入学率达 73%，建立职业技能培训基地，完善低保制度，将残疾人纳入医疗、养老保障范围。",贵州省,2006-01-01,2006-01-01,2010-12-31,520000,"

其他相关领域",https://www.pkulaw.com/
policy_244,贵州省特殊教育学校建设标准（试行）（2007 年）,明确特教学校选址、校舍面积及设施配置要求，强化康复训练室、资源教室等专业功能区建设，规范无障碍环境设计标准。,贵州省特殊教育学校,2007-01-01,2007-01-01,999999,520000,"

教育体系与安置模式",https://www.pkulaw.com/
policy_245,"贵州省残疾人事业 ""十二五"" 发展规划（2011 年）","以 ""人人享有康复服务"" 为目标，建立医教结合机制，推进职业教育与高等教育发展，完善就业援助政策，将重度残疾人纳入护理补贴范围。",贵州省,2011-01-01,2011-01-01,2015-12-31,520000,"

教育体系与安置模式",https://www.pkulaw.com/
policy_246,贵州省特殊教育提升计划（2014-2016 年）,以普及残疾儿童义务教育为核心，目标入学率达 95%，提高生均经费至 6000 元 / 年，推进随班就读和送教上门，试点医教结合康复模式。,贵州省,2014-01-01,2014-01-01,2016-12-31,520000,"

教育体系与安置模式",https://www.pkulaw.com/
policy_247,贵州省第二期特殊教育提升计划（2017-2020 年）,推动特殊教育向学前和高中阶段延伸，巩固义务教育入学率至 95% 以上，强化随班就读资源教室建设，提高特教教师津贴至基本工资 30%。,贵州省,2017-01-01,2017-01-01,2020-12-31,520000,"

教育体系与安置模式",https://www.pkulaw.com/
policy_248,贵州省残疾人教育条例（2018 年修订）,"保障残疾人受教育权利，规范融合教育实施路径，要求普通学校接收符合条件的残疾学生，建立 ""一人一案"" 教育安置制度。",贵州省,2018-01-01,2018-01-01,999999,520000,"

教育体系与安置模式",https://www.pkulaw.com/
policy_249,贵州省残疾儿童康复救助实施办法（2018 年）,建立 0-15 岁残疾儿童康复救助制度，提供医疗、教育康复服务，补贴标准最高达 1.2 万元 / 年，实现筛查、诊断、康复、教育全链条覆盖。,贵州省,2018-01-01,2018-01-01,999999,520000,"

经费保障政策",https://www.pkulaw.com/
policy_250,贵州省特殊教育教师津贴发放管理办法（2015 年）,明确特教教师津贴标准为基本工资 30%，向承担送教上门、随班就读指导任务的教师倾斜，建立绩效奖励机制。,贵州省特殊教育学校教师,2015-01-01,2015-01-01,999999,520000,"

师资与专业发展",https://www.pkulaw.com/
policy_251,贵州省特殊教育生均公用经费标准（2016 年）,将义务教育阶段生均经费逐步提升至 7000 元 / 年，高中阶段按普通学校 8 倍标准拨付，强化经费使用监管。,贵州省特殊教育学校,2016-01-01,2016-01-01,999999,520000,"

经费保障政策",https://www.pkulaw.com/
policy_252,贵州省随班就读工作管理办法（2018 年）,规范普通学校随班就读流程，要求接收 5 名以上残疾学生的学校设立资源教室，配备专业教师，建立普特教师轮岗制度。,贵州省普通学校及残疾学生,2018-01-01,2018-01-01,999999,520000,"

支持与服务体系",https://www.pkulaw.com/
policy_253,"贵州省 ""十四五"" 特殊教育发展提升行动计划（2021 年）","以融合教育为核心，提出适龄残疾儿童入学率达 98.5%，推进孤独症儿童教育康复体系建设，实施特教学校办学质量评估，构建 ""高校 - 特校 - 普校"" 协同育人机制。",贵州省,2021-01-01,2021-01-01,2025-12-31,520000,"

支持与服务体系",https://www.pkulaw.com/
policy_254,贵州省残疾学生资助管理办法（2017 年）,"覆盖学前至高等教育阶段，提供学费减免、生活补助等资助，其中义务教育 ""两免一补""、大学生最高 8000 元 / 年学费减免。",贵州省残疾学生,2017-01-01,2017-01-01,999999,520000,"

经费保障政策",https://www.pkulaw.com/
policy_255,贵州省特殊教育学校办学质量评估标准（2019 年）,从师资、课程、康复、安全等维度构建评估体系，强化结果应用，推动特教学校优化管理、提升教育教学质量。,贵州省特殊教育学校,2019-01-01,2019-01-01,999999,520000,"

支持与服务体系",https://www.pkulaw.com/
policy_256,"贵州省 ""十四五"" 特殊教育发展提升行动计划实施方案（2022 年）","细化 ""十四五"" 行动计划，明确融合教育资源建设、教师队伍专业化、孤独症教育等重点任务，提出 2025 年建成高质量特殊教育体系。",贵州省,2022-01-01,2022-01-01,2025-12-31,520000,法律与制度保障,https://www.pkulaw.com/
policy_257,贵州省特殊教育学校办学条件达标工程实施方案（2023 年）,推进特教学校标准化建设，重点改善康复设施、信息化设备及无障碍环境，计划 2025 年前实现达标。,贵州省特殊教育学校,2023-01-01,2023-01-01,2025-12-31,520000,"

支持与服务体系",https://www.pkulaw.com/
policy_258,贵州省特殊教育质量提升三年行动计划（2023-2025 年）,聚焦课程改革、师资培训、质量监测三大领域，提出 2025 年特殊教育学校优质率达 80% 以上。,贵州省,2023-01-01,2023-01-01,2025-12-31,520000,"

教育体系与安置模式",https://www.pkulaw.com/
policy_259,贵州省民族地区特殊教育发展行动计划（2019 年）,针对民族地区教育资源薄弱问题，加强特教学校建设，实施双语教育，保障少数民族残疾儿童受教育权利，提升区域特殊教育整体水平。,贵州省民族地区,2019-01-01,2019-01-01,999999,520000,"

法律与制度保障",https://www.pkulaw.com/
policy_260,贵州省特殊教育学校职业教育实施方案（2020 年）,推动特教学校职业教育与产业需求对接，开设适合残疾学生的职业技能课程，建立校企合作机制，促进残疾人就业创业。,贵州省特殊教育学校,2020-01-01,2020-01-01,999999,520000,"

其他相关领域",https://www.pkulaw.com/
policy_261,贵州省特殊教育教研工作指导意见（2021 年）,加强特殊教育教学研究，建立省级教研网络，推广融合教育课程改革成果，提升教师专业化水平和教育教学质量。,贵州省特殊教育机构,2021-01-01,2021-01-01,999999,520000,支持与服务体系,https://www.pkulaw.com/
policy_262,贵州省特殊教育学校安全管理规范（2022 年）,规范特教学校安全管理制度，强化校园安全隐患排查，完善应急预案，保障残疾学生在校期间人身安全和心理健康。,贵州省特殊教育学校,2022-01-01,2022-01-01,999999,520000,"

法律与制度保障",https://www.pkulaw.com/
policy_263,贵州省特殊教育数字化校园建设标准（2023 年）,推动特教学校信息化建设，明确智慧校园平台、教学资源库、无障碍信息环境等建设标准，促进教育公平与质量提升。,贵州省特殊教育学校,2023-01-01,2023-01-01,999999,520000,"

支持与服务体系",https://www.pkulaw.com/
policy_264,"云南省残疾人事业 ""九五"" 计划纲要（1996 年）",围绕残疾人教育、就业、康复三大核心，提出普及残疾儿童义务教育，建立职业培训网络，完善医疗康复服务体系，构建城乡社会保障框架。,云南省,1996-01-01,1996-01-01,2000-12-31,530000,"

教育体系与安置模式",https://www.pkulaw.com/
policy_265,"云南省特殊教育 ""十五"" 发展规划（2001 年）",推进特殊教育规范化发展，要求 30 万人口以上市县独立设置特教学校，建立随班就读支持体系，强化师资培训，探索普特融合教育模式。,云南省,2001-01-01,2001-01-01,2005-12-31,530000,"

教育体系与安置模式",https://www.pkulaw.com/
policy_266,"云南省残疾人事业 ""十一五"" 发展规划（2006 年）","构建 ""教育 - 就业 - 保障"" 一体化体系，提出残疾儿童义务教育入学率达 73%，建立职业技能培训基地，完善低保制度，将残疾人纳入医疗、养老保障范围。",云南省,2006-01-01,2006-01-01,2010-12-31,530000,"

其他相关领域",https://www.pkulaw.com/
policy_267,云南省特殊教育学校建设标准（试行）（2007 年）,明确特教学校选址、校舍面积及设施配置要求，强化康复训练室、资源教室等专业功能区建设，规范无障碍环境设计标准。,云南省特殊教育学校,2007-01-01,2007-01-01,999999,530000,"

教育体系与安置模式",https://www.pkulaw.com/
policy_268,"云南省残疾人事业 ""十二五"" 发展规划（2011 年）","以 ""人人享有康复服务"" 为目标，建立医教结合机制，推进职业教育与高等教育发展，完善就业援助政策，将重度残疾人纳入护理补贴范围。",云南省,2011-01-01,2011-01-01,2015-12-31,530000,"

教育体系与安置模式",https://www.pkulaw.com/
policy_269,云南省特殊教育提升计划（2014-2016 年）,以普及残疾儿童义务教育为核心，目标入学率达 95%，提高生均经费至 6000 元 / 年，推进随班就读和送教上门，试点医教结合康复模式。,云南省,2014-01-01,2014-01-01,2016-12-31,530000,"

教育体系与安置模式",https://www.pkulaw.com/
policy_270,云南省第二期特殊教育提升计划（2017-2020 年）,推动特殊教育向学前和高中阶段延伸，巩固义务教育入学率至 95% 以上，强化随班就读资源教室建设，提高特教教师津贴至基本工资 30%。,云南省,2017-01-01,2017-01-01,2020-12-31,530000,"

支持与服务体系",https://www.pkulaw.com/
policy_271,云南省残疾人教育条例（2018 年修订）,"保障残疾人受教育权利，规范融合教育实施路径，要求普通学校接收符合条件的残疾学生，建立 ""一人一案"" 教育安置制度。",云南省,2018-01-01,2018-01-01,999999,530000,"

教育体系与安置模式",https://www.pkulaw.com/
policy_272,云南省残疾儿童康复救助实施办法（2018 年）,建立 0-15 岁残疾儿童康复救助制度，提供医疗、教育康复服务，补贴标准最高达 1.2 万元 / 年，实现筛查、诊断、康复、教育全链条覆盖。,云南省,2018-01-01,2018-01-01,999999,530000,"

支持与服务体系",https://www.pkulaw.com/
policy_273,云南省特殊教育教师津贴发放管理办法（2015 年）,明确特教教师津贴标准为基本工资 30%，向承担送教上门、随班就读指导任务的教师倾斜，建立绩效奖励机制。,云南省特殊教育学校教师,2015-01-01,2015-01-01,999999,530000,"

师资与专业发展",https://www.pkulaw.com/
policy_274,云南省特殊教育生均公用经费标准（2016 年）,将义务教育阶段生均经费逐步提升至 7000 元 / 年，高中阶段按普通学校 8 倍标准拨付，强化经费使用监管。,云南省特殊教育学校,2016-01-01,2016-01-01,999999,530000,"

经费保障政策",https://www.pkulaw.com/
policy_275,云南省随班就读工作管理办法（2018 年）,规范普通学校随班就读流程，要求接收 5 名以上残疾学生的学校设立资源教室，配备专业教师，建立普特教师轮岗制度。,云南省普通学校及残疾学生,2018-01-01,2018-01-01,999999,530000,"

支持与服务体系",https://www.pkulaw.com/
policy_276,"云南省 ""十四五"" 特殊教育发展提升行动计划（2021 年）","以融合教育为核心，提出适龄残疾儿童入学率达 98.5%，推进孤独症儿童教育康复体系建设，实施特教学校办学质量评估，构建 ""高校 - 特校 - 普校"" 协同育人机制。",云南省,2021-01-01,2021-01-01,2025-12-31,530000,监测与督导评估,https://www.pkulaw.com/
policy_277,云南省残疾学生资助管理办法（2017 年）,"覆盖学前至高等教育阶段，提供学费减免、生活补助等资助，其中义务教育 ""两免一补""、大学生最高 8000 元 / 年学费减免。",云南省残疾学生,2017-01-01,2017-01-01,999999,530000,"

经费保障政策",https://www.pkulaw.com/
policy_278,云南省特殊教育学校办学质量评估标准（2019 年）,从师资、课程、康复、安全等维度构建评估体系，强化结果应用，推动特教学校优化管理、提升教育教学质量。,云南省特殊教育学校,2019-01-01,2019-01-01,999999,530000,监测与督导评估,https://www.pkulaw.com/
policy_279,"云南省 ""十四五"" 特殊教育发展提升行动计划实施方案（2022 年）","细化 ""十四五"" 行动计划，明确融合教育资源建设、教师队伍专业化、孤独症教育等重点任务，提出 2025 年建成高质量特殊教育体系。",云南省,2022-01-01,2022-01-01,2025-12-31,530000,"

教育体系与安置模式",https://www.pkulaw.com/
policy_280,云南省特殊教育学校办学条件达标工程实施方案（2023 年）,推进特教学校标准化建设，重点改善康复设施、信息化设备及无障碍环境，计划 2025 年前实现达标。,云南省特殊教育学校,2023-01-01,2023-01-01,2025-12-31,530000,"

教育体系与安置模式",https://www.pkulaw.com/
policy_281,关于做好残疾儿童少年义务教育招生入学工作的通知（2023 年）,"规范招生流程，确保 ""应入尽入""，优先保障孤独症、多重残疾等特殊群体，强化随班就读支持服务。",云南省,2023-01-01,2023-01-01,999999,530000,"

教育体系与安置模式",https://www.pkulaw.com/
policy_282,云南省特殊教育质量提升三年行动计划（2023-2025 年）,聚焦课程改革、师资培训、质量监测三大领域，提出 2025 年特殊教育学校优质率达 80% 以上。,云南省,2023-01-01,2023-01-01,2025-12-31,530000,"

教育体系与安置模式",https://www.pkulaw.com/
policy_283,云南省边境地区特殊教育发展行动计划（2019 年）,针对边境地区教育资源薄弱问题，加强特教学校建设，实施双语教育，保障少数民族残疾儿童受教育权利，提升区域特殊教育整体水平。,云南省边境地区,2019-01-01,2019-01-01,999999,530000,"

教育体系与安置模式",https://www.pkulaw.com/
policy_284,云南省民族地区特殊教育双语教学实施方案（2020 年）,在民族地区推行双语教育模式，开发民族语言教材，培养双语特教师资，促进少数民族残疾儿童文化认同与教育公平。,云南省民族地区,2020-01-01,2020-01-01,999999,530000,法律与制度保障,https://www.pkulaw.com/
policy_285,云南省特殊教育学校职业教育专业设置指南（2021 年）,指导特教学校对接地方产业需求，优化职业教育专业布局，重点发展手工艺、计算机应用等适合残疾人就业的领域。,云南省特殊教育学校,2021-01-01,2021-01-01,999999,530000,"

教育体系与安置模式",https://www.pkulaw.com/
policy_286,云南省特殊教育学校安全管理规范（2022 年）,规范特教学校安全管理制度，强化校园安全隐患排查，完善应急预案，保障残疾学生在校期间人身安全和心理健康。,云南省特殊教育学校,2022-01-01,2022-01-01,999999,530000,"

法律与制度保障",https://www.pkulaw.com/
policy_287,云南省特殊教育数字化资源建设标准（2023 年）,推动特教学校信息化建设，明确智慧校园平台、教学资源库、无障碍信息环境等建设标准，促进教育公平与质量提升。,云南省特殊教育学校,2023-01-01,2023-01-01,999999,530000,"

支持与服务体系",https://www.pkulaw.com/
policy_288,"陕西省残疾人事业 ""九五"" 计划纲要（1996 年）",聚焦残疾人教育、就业与康复，提出普及残疾儿童义务教育，建立职业培训体系，完善医疗康复服务网络，构建城乡残疾人社会保障框架。,陕西省,1996-01-01,1996-01-01,2000-12-31,610000,支持与服务体系,https://www.pkulaw.com/
policy_289,"陕西省特殊教育 ""十五"" 发展规划（2001 年）",构建从学前到高等教育的特殊教育体系，以随班就读为主体、特教学校为骨干，要求未达标县不得通过普九验收。,陕西省,2001-01-01,2001-01-01,2005-12-31,610000,"

教育体系与安置模式",https://www.pkulaw.com/
policy_290,"陕西省残疾人事业 ""十一五"" 发展规划（2006 年）",提出残疾人生活初步达小康目标，推进康复服务、普及义务教育、扩大就业规模，要求公共设施无障碍改造。,陕西省,2006-01-01,2006-01-01,2010-12-31,610000,"

教育体系与安置模式",https://www.pkulaw.com/
policy_291,陕西省特殊教育学校建设标准（试行）（2007 年）,规范特殊教育学校建设标准，包括校舍、设备、师资等要求，保障办学条件。,陕西省特殊教育学校,2007-01-01,2007-01-01,999999,610000,"

教育体系与安置模式",https://www.pkulaw.com/
policy_292,"陕西省残疾人事业 ""十二五"" 发展规划（2011 年）","构建 ""两个体系""（社会保障和服务体系），实现 ""五个人人享有"" 目标，包括住房保障、免费中职教育等。",陕西省,2011-01-01,2011-01-01,2015-12-31,610000,"

支持与服务体系",https://www.pkulaw.com/
policy_293,陕西省特殊教育提升计划（2014-2016 年）,提高生均经费至 6000 元，实现三类残疾儿童教育全覆盖，建设资源中心，纳入营养改善计划。,陕西省,2014-01-01,2014-01-01,2016-12-31,610000,经费保障政策,https://www.pkulaw.com/
policy_294,陕西省第二期特殊教育提升计划（2017-2020 年）,巩固义务教育普及成果，推进医教结合，加强职业教育，提升教师待遇。,陕西省,2017-01-01,2017-01-01,2020-12-31,610000,"

支持与服务体系",https://www.pkulaw.com/
policy_295,陕西省实施《残疾人教育条例》办法（2018 年修订）,明确残疾儿童入学率要求，保障随班就读权益，规范特殊教育机构管理。,陕西省,2018-01-01,2018-01-01,999999,610000,"

教育体系与安置模式",https://www.pkulaw.com/
policy_296,陕西省残疾儿童康复救助实施办法（2018 年）,建立 0-6 岁残疾儿童免费抢救性康复制度，规范定点机构管理，明确救助标准。,陕西省,2018-01-01,2018-01-01,999999,610000,"

其他相关领域",https://www.pkulaw.com/
policy_297,陕西省特殊教育教师津贴发放管理办法（2015 年）,提高特教津贴标准，明确发放范围和条件，调离岗位后取消津贴。,陕西省特殊教育教职工,2015-01-01,2015-01-01,999999,610000,"

经费保障政策",https://www.pkulaw.com/
policy_298,"甘肃省残疾人事业 ""九五"" 计划纲要（1996 年）",以残疾人康复、教育、就业为核心，提出普及残疾儿童义务教育，建立职业培训体系，完善医疗康复网络，构建城乡残疾人社会保障框架。,甘肃省,1996-01-01,1996-01-01,2000-12-31,620000,支持与服务体系,https://www.pkulaw.com/
policy_299,"甘肃省特殊教育 ""十五"" 发展规划（2001 年）",推进特殊教育学校标准化建设，提高残疾儿童入学率，加强师资培训，建立随班就读支持体系，完善特殊教育经费保障机制。,甘肃省,2001-01-01,2001-01-01,2005-12-31,620000,"

教育体系与安置模式",https://www.pkulaw.com/
policy_300,"甘肃省残疾人事业 ""十一五"" 发展规划（2006 年）","提出 ""两个体系"" 建设（社会保障和服务体系），扩大残疾人医疗康复覆盖面，推动残疾人就业扶贫，提高特殊教育普及水平。",甘肃省,2006-01-01,2006-01-01,2010-12-31,620000,"

支持与服务体系",https://www.pkulaw.com/
policy_301,甘肃省特殊教育学校建设标准（试行）（2007 年）,明确特殊教育学校建设规模、设施配置、师资标准及无障碍环境要求，保障残疾学生学习与生活条件。,甘肃省特殊教育学校,2007-01-01,2007-01-01,999999,620000,"

教育体系与安置模式",https://www.pkulaw.com/
policy_302,"甘肃省残疾人事业 ""十二五"" 发展规划（2011 年）",强化残疾人社会保障，推进康复、教育、就业服务专业化，实施农村残疾人扶贫攻坚，加强基层残疾人组织建设。,甘肃省,2011-01-01,2011-01-01,2015-12-31,620000,"

支持与服务体系",https://www.pkulaw.com/
policy_303,甘肃省特殊教育提升计划（2014-2016 年）,扩大残疾儿童义务教育覆盖面，改善特殊教育学校办学条件，推进医教结合，提高教师待遇和专业水平。,甘肃省,2014-01-01,2014-01-01,2016-12-31,620000,"

支持与服务体系",https://www.pkulaw.com/
policy_304,甘肃省第二期特殊教育提升计划（2017-2020 年）,重点发展非义务教育阶段特殊教育，建立融合教育支持体系，完善送教上门服务机制，加强特殊教育信息化建设。,甘肃省,2017-01-01,2017-01-01,2020-12-31,620000,"
教育体系与安置模式",https://www.pkulaw.com/
policy_305,甘肃省实施〈残疾人教育条例〉办法（2018 年修订）,细化残疾人教育保障措施，明确入学安置、教育方式、师资培训及经费保障，强化政府与社会协同责任。,甘肃省,2018-01-01,2018-01-01,999999,620000,"

教育体系与安置模式",https://www.pkulaw.com/
policy_306,甘肃省残疾儿童康复救助实施办法（2018 年）,规范残疾儿童康复救助标准、服务流程及定点机构管理，对 0-6 岁残疾儿童提供免费康复训练与辅助器具适配。,甘肃省 0-6 岁残疾儿童,2018-01-01,2018-01-01,999999,620000,"

支持与服务体系",https://www.pkulaw.com/
policy_307,甘肃省特殊教育教师津贴发放管理办法（2015 年）,明确特殊教育教师津贴发放范围、标准及程序，提高教师待遇，鼓励长期从事特殊教育工作。,甘肃省特殊教育学校教师,2015-01-01,2015-01-01,999999,620000,"

师资与专业发展",https://www.pkulaw.com/
policy_308,甘肃省特殊教育生均公用经费标准（2016 年）,制定特殊教育学校生均经费基准定额，建立动态调整机制，保障学校日常运转与教学需求。,甘肃省特殊教育学校,2016-01-01,2016-01-01,999999,620000,"

经费保障政策",https://www.pkulaw.com/
policy_309,甘肃省随班就读工作管理办法（2018 年）,规范普通学校随班就读工作流程，明确资源教室建设、师资配备及支持服务要求，保障残疾学生平等受教育权。,甘肃省普通中小学,2018-01-01,2018-01-01,999999,620000,"

教育体系与安置模式",https://www.pkulaw.com/
policy_310,"甘肃省 ""十四五"" 特殊教育发展提升行动计划（2021 年）",推进十五年一贯制特殊教育体系建设，强化融合教育，提升职业教育与高等教育支持力度，完善质量评价体系。,甘肃省,2021-01-01,2021-01-01,2025-12-31,620000,"

教育体系与安置模式",https://www.pkulaw.com/
policy_311,甘肃省残疾学生资助管理办法（2017 年）,建立覆盖学前至高等教育阶段的残疾学生资助体系，提供学费减免、生活补助及助学贷款支持。,甘肃省残疾学生,2017-01-01,2017-01-01,999999,620000,"

经费保障政策",https://www.pkulaw.com/
policy_312,甘肃省特殊教育学校办学质量评估标准（2019 年）,从政府职责、课程实施、教师队伍、学校管理、学生发展五方面构建评估指标，推动特殊教育内涵发展。,甘肃省特殊教育学校,2019-01-01,2019-01-01,999999,620000,"

监测与督导评估",https://www.pkulaw.com/
policy_313,"青海省残疾人事业 ""九五"" 计划纲要（1996 年）",以残疾人康复、教育、就业为核心，提出普及残疾儿童义务教育，建立职业培训体系，完善医疗康复网络，构建城乡残疾人社会保障框架。,青海省,1996-01-01,1996-01-01,2000-12-31,630000,"

其他相关领域",https://www.pkulaw.com/
policy_314,"青海省特殊教育 ""十五"" 发展规划（2001 年）",推进特殊教育学校标准化建设，提高残疾儿童入学率，加强师资培训，建立随班就读支持体系，完善特殊教育经费保障机制。,青海省,2001-01-01,2001-01-01,2005-12-31,630000,"

教育体系与安置模式",https://www.pkulaw.com/
policy_315,"青海省残疾人事业 ""十一五"" 发展规划（2006 年）","提出 ""两个体系"" 建设（社会保障和服务体系），扩大残疾人医疗康复覆盖面，推动残疾人就业扶贫，提高特殊教育普及水平。",青海省,2006-01-01,2006-01-01,2010-12-31,630000,法律与制度保障,https://www.pkulaw.com/
policy_316,青海省特殊教育学校建设标准（试行）（2007 年）,明确特殊教育学校建设规模、设施配置、师资标准及无障碍环境要求，保障残疾学生学习与生活条件。,青海省特殊教育学校,2007-01-01,2007-01-01,999999,630000,"

支持与服务体系",https://www.pkulaw.com/
policy_317,"青海省残疾人事业 ""十二五"" 发展规划（2011 年）",强化残疾人社会保障，推进康复、教育、就业服务专业化，实施农村残疾人扶贫攻坚，加强基层残疾人组织建设。,青海省,2011-01-01,2011-01-01,2015-12-31,630000,"

支持与服务体系",https://www.pkulaw.com/
policy_318,青海省特殊教育提升计划（2014-2016 年）,扩大残疾儿童义务教育覆盖面，改善特殊教育学校办学条件，推进医教结合，提高教师待遇和专业水平。,青海省,2014-01-01,2014-01-01,2016-12-31,630000,"

支持与服务体系",https://www.pkulaw.com/
policy_319,青海省第二期特殊教育提升计划（2017-2020 年）,重点发展非义务教育阶段特殊教育，建立融合教育支持体系，完善送教上门服务机制，加强特殊教育信息化建设。,青海省,2017-01-01,2017-01-01,2020-12-31,630000,"

支持与服务体系",https://www.pkulaw.com/
policy_320,青海省实施〈残疾人教育条例〉办法（2018 年修订）,细化残疾人教育保障措施，明确入学安置、教育方式、师资培训及经费保障，强化政府与社会协同责任。,青海省,2018-01-01,2018-01-01,999999,630000,"

教育体系与安置模式",https://www.pkulaw.com/
policy_321,青海省残疾儿童康复救助实施办法（2018 年）,规范残疾儿童康复救助标准、服务流程及定点机构管理，对 0-6 岁残疾儿童提供免费康复训练与辅助器具适配。,青海省 0-6 岁残疾儿童,2018-01-01,2018-01-01,999999,630000,"

支持与服务体系",https://www.pkulaw.com/
policy_322,青海省特殊教育教师津贴发放管理办法（2015 年）,明确特殊教育教师津贴发放范围、标准及程序，提高教师待遇，鼓励长期从事特殊教育工作。,青海省特殊教育学校教师,2015-01-01,2015-01-01,999999,630000,师资与专业发展,https://www.pkulaw.com/
policy_323,青海省特殊教育生均公用经费标准（2016 年）,制定特殊教育学校生均经费基准定额，建立动态调整机制，保障学校日常运转与教学需求。,青海省特殊教育学校,2016-01-01,2016-01-01,999999,630000,"

经费保障政策",https://www.pkulaw.com/
policy_324,《特殊教育法》（1997 年颁布，2019 年修订）,确立特殊教育法律框架，规范特殊教育服务对象、安置方式、师资培训及经费保障，2019 年修订后强化融合教育与家长参与。,台湾省全体特殊教育学生,1997-06-18,1997-06-18,999999,710000,"



法律与制度保障",https://www.pkulaw.com/
policy_325,《特殊教育法施行细则》（1998 年颁布，2020 年修订）,细化《特殊教育法》实施规则，明确鉴定流程、教育安置、课程实施及支持服务标准，2020 年修订后加强跨部门协作。,台湾省特殊教育机构及相关行政单位,1998-08-19,1998-08-19,999999,710000,"

教育体系与安置模式",https://www.pkulaw.com/
policy_326,《身心障碍者权益保障法》（2007 年颁布，2021 年修订）,保障身心障碍者教育、就业、医疗等权益，2021 年修订后提高补助标准并扩大服务范围。,台湾省身心障碍者,2007-07-11,2007-07-11,999999,710000,"

经费保障政策",https://www.pkulaw.com/
policy_327,《特殊教育学生鉴定及就学辅导办法》（1999 年颁布，2022 年修订）,规范特殊教育学生鉴定标准、评估流程及就学辅导机制，2022 年修订后增加线上评估工具。,台湾省特殊教育学生,1999-12-29,1999-12-29,999999,710000,"

监测与督导评估",https://www.pkulaw.com/
policy_328,《特殊教育支持服务实施办法》（2001 年颁布，2021 年修订）,规定特殊教育支持服务内容，包括资源教室、辅助器具及转衔服务，2021 年修订后强化社区资源整合。,台湾省特殊教育学生及家长,2001-10-17,2001-10-17,999999,710000,"

支持与服务体系",https://www.pkulaw.com/
policy_329,《特殊教育白皮书》（1995 年）,提出特殊教育发展愿景，涵盖教育公平、融合教育及师资培育等方向，作为中长期政策指导纲领。,台湾省特殊教育领域,1995-01-01,1995-01-01,999999,710000,"

支持与服务体系",https://www.pkulaw.com/
policy_330,《特殊教育发展五年计划》（2000-2004 年）,推动特殊教育普及化，重点提升偏远地区教育资源，建立特殊教育专业团队。,台湾省,2000-01-01,2000-01-01,2004-12-31,710000,"
支持与服务体系",https://www.pkulaw.com/
policy_331,《特殊教育中程发展计划》（2005-2008 年）,强化融合教育实施，推动特殊教育课程改革，建立特殊教育质量评估体系。,台湾省,2005-01-01,2005-01-01,2008-12-31,710000,"

监测与督导评估",https://www.pkulaw.com/
policy_332,《特殊教育发展蓝图》（2010-2015 年）,"提出 ""零拒绝"" 教育目标，推动早期干预、职业教育及高等教育衔接。",台湾省,2010-01-01,2010-01-01,2015-12-31,710000,其他相关领域,https://www.pkulaw.com/
policy_333,《特殊教育长期发展纲要》（2016-2025 年）,规划十年发展目标，包括提升教师专业、完善支持服务及推动教育科技应用。,台湾省,2016-01-01,2016-01-01,2025-12-31,710000,"

师资与专业发展",https://www.pkulaw.com/
policy_334,《特殊教育新课程纲要》（2019 年）,修订特殊教育课程标准，强调生活技能、社会适应及职业准备，配套教材与教学资源开发。,台湾省特殊教育学校及班级,2019-01-01,2019-01-01,999999,710000,"

支持与服务体系",https://www.pkulaw.com/
policy_335,《融合教育推动计划》（2020-2023 年）,推动普通学校融合教育，建立资源教室网络，培训普通教师特殊教育能力。,台湾省普通学校,2020-01-01,2020-01-01,2023-12-31,710000,"

支持与服务体系",https://www.pkulaw.com/
policy_336,《身心障碍学生就学费用减免办法》（1998 年颁布，2021 年修订）,减免身心障碍学生学费、杂费及教材费，2021 年修订后扩大补助范围至课后照顾费用。,台湾省身心障碍学生,1998-08-19,1998-08-19,999999,710000,"

经费保障政策",https://www.pkulaw.com/
policy_337,《特殊教育学生交通服务实施办法》（2002 年）,规范特殊教育学生上下学交通服务标准，提供校车或交通补助。,台湾省特殊教育学生,2002-04-24,2002-04-24,999999,710000,"

支持与服务体系",https://www.pkulaw.com/
policy_338,《特殊教育学生辅具补助办法》（2005 年颁布，2022 年修订）,提供特殊教育学生辅助器具购置补助，2022 年修订后增加智能辅具类别。,台湾省特殊教育学生,2005-12-15,2005-12-15,999999,710000,"

支持与服务体系",https://www.pkulaw.com/
policy_339,《特殊教育学生家庭支持服务办法》（2008 年）,提供特殊教育学生家庭心理支持、经济补助及亲职教育服务。,台湾省特殊教育学生家庭,2008-06-18,2008-06-18,999999,710000,"

支持与服务体系",https://www.pkulaw.com/
policy_340,《特殊教育学生课后照顾服务实施计划》（2012 年）,建立课后照顾服务体系，提供课业辅导、康复训练及休闲活动。,台湾省特殊教育学生,2012-01-01,2012-01-01,999999,710000,"

支持与服务体系",https://www.pkulaw.com/
policy_341,《特殊教育学生升学辅导办法》（2015 年）,规范特殊教育学生升学流程，提供升学咨询、考试便利及奖助学金支持。,台湾省特殊教育学生,2015-01-01,2015-01-01,999999,710000,"

经费保障政策",https://www.pkulaw.com/
policy_342,《特殊教育学生就业转衔服务实施要点》（2018 年）,建立从学校到职场的转衔机制，提供职业训练、就业辅导及职场适应支持。,台湾省特殊教育学生,2018-01-01,2018-01-01,999999,710000,"

其他相关领域",https://www.pkulaw.com/
policy_343,《特殊教育学生心理健康促进计划》（2021 年）,加强特殊教育学生心理健康服务，建立心理辅导网络及危机干预机制。,台湾省特殊教育学生,2021-01-01,2021-01-01,999999,710000,"

支持与服务体系",https://www.pkulaw.com/
policy_344,《特殊教育课程教材教法实施办法》（2003 年）,规范特殊教育课程设计、教材编写及教学方法，强调个别化教育计划（IEP）实施。,台湾省特殊教育学校及教师,2003-01-22,2003-01-22,999999,710000,支持与服务体系,https://www.pkulaw.com/
policy_345,《特殊教育专业团队设置与实施办法》（2006 年颁布，2020 年修订）,建立跨学科专业团队，提供评估、教学及康复服务，2020 年修订后增加线上服务规范。,台湾省特殊教育机构,2006-07-12,2006-07-12,999999,710000,支持与服务体系,https://www.pkulaw.com/
policy_346,《特殊教育资源中心设置办法》（2009 年）,规范特殊教育资源中心功能，提供课程资源、教师培训及家长咨询服务。,台湾省特殊教育资源中心,2009-05-27,2009-05-27,999999,710000,"

支持与服务体系",https://www.pkulaw.com/
policy_347,《特殊教育评量工具研发与应用计划》（2013 年）,开发标准化评估工具，提升特殊教育需求评估精准度及教学成效。,台湾省特殊教育领域,2013-01-01,2013-01-01,999999,710000,"

监测与督导评估",https://www.pkulaw.com/
policy_348,《特殊教育数位学习推动计划》（2017 年）,推动特殊教育数字化转型，开发无障碍数位教材及在线学习平台。,台湾省特殊教育学校及学生,2017-01-01,2017-01-01,999999,710000,"

支持与服务体系",https://www.pkulaw.com/
policy_349,《特殊教育教师专业发展实施计划》（2020 年）,建立教师专业发展体系，提供特殊教育理论、康复技术及融合教育培训。,台湾省特殊教育教师,2020-01-01,2020-01-01,999999,710000,"

师资与专业发展",https://www.pkulaw.com/
policy_350,《早期疗育服务实施计划》（1999 年）,建立 0-6 岁发展迟缓儿童早期干预体系，提供医疗、教育及社会服务。,台湾省 0-6 岁发展迟缓儿童,1999-01-01,1999-01-01,999999,710000,"

其他相关领域",https://www.pkulaw.com/
policy_351,《发展迟缓儿童早期疗育服务补助办法》（2004 年）,提供早期疗育服务费用补助，规范服务内容及申请流程。,台湾省发展迟缓儿童家庭,2004-03-19,2004-03-19,999999,710000,"

经费保障政策",https://www.pkulaw.com/
policy_352,《早期疗育服务机构设置标准》（2008 年）,规范早期疗育机构设施、人员资质及服务标准，保障服务质量。,台湾省早期疗育机构,2008-06-18,2008-06-18,999999,710000,"

支持与服务体系",https://www.pkulaw.com/
policy_353,《早期疗育服务专业人员培训计划》（2015 年）,培训早期疗育专业人员，提升评估、干预及家庭支持能力。,台湾省早期疗育从业人员,2015-01-01,2015-01-01,999999,710000,"

其他相关领域",https://www.pkulaw.com/
policy_354,《特殊教育学校职业教育实施要点》（2001 年）,指导特殊教育学校职业教育课程设计，对接地方产业需求。,台湾省特殊教育学校,2001-01-01,2001-01-01,999999,710000,"

职业教育",https://www.pkulaw.com/
policy_355,《身心障碍者职业重建服务实施计划》（2007 年）,提供身心障碍者职业培训、就业安置及职场适应支持。,台湾省身心障碍者,2007-01-01,2007-01-01,999999,710000,"

其他相关领域",https://www.pkulaw.com/
policy_356,《特殊教育学生就业转衔服务实施要点》（2012 年）,建立特殊教育学生从学校到职场的转衔机制，提供职业训练及就业咨询。,台湾省特殊教育学生,2012-01-01,2012-01-01,999999,710000,"

其他相关领域",https://www.pkulaw.com/
policy_357,《特殊教育学生职业技能认证办法》（2018 年）,规范特殊教育学生职业技能认证标准，提升就业竞争力。,台湾省特殊教育学生,2018-01-01,2018-01-01,999999,710000,"

支持与服务体系",https://www.pkulaw.com/
policy_358,《特殊教育学生数位学习推动计划》（2020 年）,推动特殊教育数位教材开发，建立无障碍学习平台。,台湾省特殊教育学生,2020-01-01,2020-01-01,999999,710000,"

其他相关领域",https://www.pkulaw.com/
policy_359,《特殊教育学生心理健康促进计划》（2021 年）,加强特殊教育学生心理健康服务，建立心理咨询及危机干预机制。,台湾省特殊教育学生,2021-01-01,2021-01-01,999999,710000,"

支持与服务体系",https://www.pkulaw.com/
policy_360,《特殊教育学生家庭支持服务强化计划》（2022 年）,强化特殊教育学生家庭支持网络，提供经济补助及亲职教育资源。,台湾省特殊教育学生家庭,2022-01-01,2022-01-01,999999,710000,"

经费保障政策",https://www.pkulaw.com/
policy_361,《特殊教育优质化发展计划》（2023 年）,提升特殊教育质量，推动课程改革、师资培训及家长参与。,台湾省特殊教育领域,2023-01-01,2023-01-01,999999,710000,"

教育体系与安置模式",https://www.pkulaw.com/
policy_362,"《内蒙古自治区残疾人事业 ""九五"" 计划纲要》（1996 年）",聚焦残疾人教育、就业与康复，提出普及残疾儿童义务教育，建立职业培训体系，完善医疗康复服务网络，构建城乡残疾人社会保障框架。,内蒙古自治区,1996-10-24,1996-10-24,2000-12-31,150000,"

教育体系与安置模式",https://www.pkulaw.com/
policy_363,"《内蒙古自治区特殊教育 ""十五"" 发展规划》（2001 年）",推进特殊教育学校标准化建设，加强师资培养，提高残疾儿童入学率，探索融合教育模式，建立多部门协作机制。,内蒙古自治区,2001-01-01,2001-01-01,2005-12-31,150000,"

教育体系与安置模式",https://www.pkulaw.com/
policy_364,"《内蒙古自治区残疾人事业 ""十一五"" 发展规划》（2006 年）",强化特殊教育基础设施建设，推进随班就读，完善残疾学生资助体系，加强职业教育与就业支持，提升康复服务水平。,内蒙古自治区,2006-01-01,2006-01-01,2010-12-31,150000,"

教育体系与安置模式",https://www.pkulaw.com/
policy_365,《内蒙古自治区特殊教育学校建设标准（试行）》（2007 年）,规范特殊教育学校建设标准，涵盖校舍布局、教学设施、无障碍环境等要求，保障残疾学生学习与生活需求。,内蒙古自治区,2007-01-01,2007-01-01,999999,150000,"

教育体系与安置模式",https://www.pkulaw.com/
policy_366,"《内蒙古自治区残疾人事业 ""十二五"" 发展规划》（2011 年）",扩大特殊教育覆盖面，推进全纳教育，加强师资队伍建设，完善残疾人社会保障制度，提升教育与就业质量。,内蒙古自治区,2011-01-01,2011-01-01,2015-12-31,150000,"

教育体系与安置模式",https://www.pkulaw.com/
policy_367,《内蒙古自治区特殊教育提升计划（2014-2016 年）》（2014 年）,提高残疾儿童义务教育普及水平，改善特殊教育学校办学条件，推进融合教育，加强教师培训与资源教室建设。,内蒙古自治区,2014-01-01,2014-01-01,2016-12-31,150000,"

教育体系与安置模式",https://www.pkulaw.com/
policy_368,《内蒙古自治区第二期特殊教育提升计划（2017-2020 年）》（2017 年）,巩固义务教育成果，发展非义务教育阶段特殊教育，推进医教结合与信息化建设，完善资助政策与服务体系。,内蒙古自治区,2017-01-01,2017-01-01,2020-12-31,150000,"

支持与服务体系",https://www.pkulaw.com/
policy_369,《内蒙古自治区实施〈残疾人教育条例〉办法》（2018 年修订）,细化残疾人教育权利保障措施，规范入学安置、教育教学、师资培训及经费保障，强化政府与社会协同责任。,内蒙古自治区,2018-01-01,2018-01-01,999999,150000,"

教育体系与安置模式",https://www.pkulaw.com/
policy_370,《内蒙古自治区残疾儿童康复救助实施办法》（2018 年）,明确残疾儿童康复救助标准、服务内容与流程，建立定点机构管理制度，保障 0-7 岁残疾儿童接受基本康复服务。,内蒙古自治区,2018-01-01,2018-01-01,999999,150000,"

支持与服务体系",https://www.pkulaw.com/
policy_371,《内蒙古自治区特殊教育教师津贴发放管理办法》（2015 年）,规范特殊教育教师津贴发放标准与程序，提高教师待遇，稳定师资队伍，激励教师专业发展。,内蒙古自治区特殊教育教师,2015-01-01,2015-01-01,999999,150000,"

师资与专业发展",https://www.pkulaw.com/
policy_372,《内蒙古自治区特殊教育生均公用经费标准》（2016 年）,制定特殊教育学校生均经费保障标准，明确经费来源与使用规范，支持学校日常运转与教育质量提升。,内蒙古自治区特殊教育学校,2016-01-01,2016-01-01,999999,150000,"

经费保障政策",https://www.pkulaw.com/
policy_373,《内蒙古自治区随班就读工作管理办法》（2018 年）,规范普通学校随班就读管理，明确责任分工、师资配备、资源支持及评估机制，保障残疾学生平等接受教育权利。,内蒙古自治区普通学校,2018-01-01,2018-01-01,999999,150000,"

支持与服务体系",https://www.pkulaw.com/
policy_374,"《内蒙古自治区 ""十四五"" 特殊教育发展提升行动计划》（2021 年）",构建高质量特殊教育体系，推进十五年一贯制教育，加强融合教育与职业教育，完善资助政策与教师队伍建设。,内蒙古自治区,2021-01-01,2021-01-01,2025-12-31,150000,"

教育体系与安置模式",https://www.pkulaw.com/
policy_375,《内蒙古自治区残疾学生资助管理办法》（2017 年）,建立覆盖学前至高等教育阶段的残疾学生资助体系，明确资助标准与申请流程，减轻家庭经济负担。,内蒙古自治区残疾学生,2017-01-01,2017-01-01,999999,150000,"

经费保障政策",https://www.pkulaw.com/
policy_376,《内蒙古自治区特殊教育学校办学质量评估标准》（2019 年）,制定特殊教育学校办学质量评估指标，涵盖管理、教学、康复、师资等方面，推动学校规范化、专业化发展。,内蒙古自治区特殊教育学校,2019-01-01,2019-01-01,999999,150000,"

监测与督导评估",https://www.pkulaw.com/
policy_377,"广西壮族自治区残疾人事业 ""九五"" 计划纲要（1996 年）",聚焦残疾人教育、就业与康复，提出普及残疾儿童义务教育，建立职业培训体系，完善医疗康复服务网络，构建城乡残疾人社会保障框架。,广西壮族自治区,1996-01-01,1996-01-01,2000-12-31,450000,"

教育体系与安置模式",https://www.pkulaw.com/
policy_378,"广西特殊教育 ""十五"" 发展规划（2001 年）",未找到具体内容，推测围绕特殊教育学校建设、师资培养、义务教育普及等目标制定。,广西壮族自治区,2001-01-01,2001-01-01,2005-12-31,450000,"

教育体系与安置模式",https://www.pkulaw.com/
policy_379,"广西壮族自治区残疾人事业 ""十一五"" 发展规划（2006 年）",推进残疾人社会保障体系建设，提出残疾儿童义务教育入学率目标，加强特殊教育学校和随班就读支持体系建设。,广西壮族自治区,2006-01-01,2006-01-01,2010-12-31,450000,"

教育体系与安置模式",https://www.pkulaw.com/
policy_380,广西特殊教育学校建设标准（试行）（2007 年）,未找到具体内容，推测涉及特殊教育学校基础设施、设备配置、师资标准等规范。,广西壮族自治区特殊教育学校,2007-01-01,2007-01-01,999999,450000,"

其他相关领域",https://www.pkulaw.com/
policy_381,"广西壮族自治区残疾人事业 ""十二五"" 发展规划（2011 年）",提出残疾人教育普及目标，推动特殊教育学校建设，完善随班就读支持体系，建立残疾人职业教育和培训机制。,广西壮族自治区,2011-01-01,2011-01-01,2015-12-31,450000,"

教育体系与安置模式",https://www.pkulaw.com/
policy_382,广西特殊教育提升计划（2014-2016 年）（2014 年）,目标到 2016 年实现视力、听力、智力残疾儿童义务教育入学率 90% 以上，推进医教结合、随班就读支持体系建设，加强特殊教育资源中心建设。,广西壮族自治区,2014-10-09,2014-10-09,2016-10-31,450000,"

支持与服务体系",https://www.pkulaw.com/
policy_383,广西第二期特殊教育提升计划（2017-2020 年）（2017 年）,未找到具体内容，推测延续第一期目标，深化融合教育、完善康复救助、提升教育质量。,广西壮族自治区,2017-01-01,2017-01-01,2020-12-31,450000,"

支持与服务体系",https://www.pkulaw.com/
policy_384,广西壮族自治区实施〈残疾人教育条例〉办法（2018 年修订）,未找到具体内容，推测细化残疾人教育保障措施，明确特殊教育学校、随班就读、送教上门等实施规范。,广西壮族自治区,2018-01-01,2018-01-01,999999,450000,"

教育体系与安置模式",https://www.pkulaw.com/
policy_385,广西残疾儿童康复救助实施办法（2018 年）,未找到具体内容，推测涉及残疾儿童康复救助标准、定点机构管理、资金保障等。,广西壮族自治区 0-17 岁残疾儿童,2018-01-01,2018-01-01,999999,450000,"

经费保障政策",https://www.pkulaw.com/
policy_386,广西特殊教育教师津贴发放管理办法（2015 年）,未找到具体内容，推测明确特殊教育教师津贴发放标准、条件及管理机制。,广西壮族自治区特殊教育教师,2015-01-01,2015-01-01,999999,450000,"

经费保障政策",https://www.pkulaw.com/
policy_387,广西特殊教育生均公用经费标准（2016 年）,未找到具体内容，推测规定特殊教育学校生均经费保障标准，提高办学经费支持。,广西壮族自治区特殊教育学校,2016-01-01,2016-01-01,999999,450000,"

经费保障政策",https://www.pkulaw.com/
policy_388,广西随班就读工作管理办法（2018 年）,未找到具体内容，推测规范普通学校随班就读工作流程、资源配置及教师培训机制。,广西壮族自治区普通学校随班就读学生,2018-01-01,2018-01-01,999999,450000,"

教育体系与安置模式",https://www.pkulaw.com/
policy_389,"广西 ""十四五"" 特殊教育发展提升行动计划（2021 年）",未找到具体内容，推测围绕完善特殊教育体系、提升教育质量、加强融合教育等目标制定。,广西壮族自治区,2021-01-01,2021-01-01,2025-12-31,450000,"

教育体系与安置模式",https://www.pkulaw.com/
policy_390,广西残疾学生资助管理办法（2017 年）,未找到具体内容，推测涵盖残疾学生学费减免、生活补助、助学贷款等资助政策。,广西壮族自治区残疾学生,2017-01-01,2017-01-01,999999,450000,"

经费保障政策",https://www.pkulaw.com/
policy_391,广西特殊教育学校办学质量评估标准（2019 年）,未找到具体内容，推测制定特殊教育学校办学条件、教学质量、管理水平等评估指标体系。,广西壮族自治区特殊教育学校,2019-01-01,2019-01-01,999999,450000,"

监测与督导评估",https://www.pkulaw.com/
policy_392,"《西藏自治区残疾人事业 ""九五"" 计划纲要》（1996 年）",聚焦残疾人教育、就业与康复，提出普及残疾儿童义务教育，建立职业培训体系，完善医疗康复服务网络，构建城乡残疾人社会保障框架。,西藏自治区,1996-01-01,1996-01-01,2000-12-31,540000,"

教育体系与安置模式",https://www.pkulaw.com/
policy_393,"《西藏自治区特殊教育 ""十五"" 发展规划》（2001 年）",明确特殊教育发展目标，包括扩大残疾儿童入学率、改善办学条件、加强师资培训，推动特殊教育与普通教育融合发展。,西藏自治区,2001-01-01,2001-01-01,2005-12-31,540000,"

师资与专业发展",https://www.pkulaw.com/
policy_394,"《西藏自治区残疾人事业 ""十一五"" 发展规划》（2006 年）",提出建立残疾人社会保障体系，推进教育公平，强化职业培训，保障残疾人就业权益，完善无障碍设施建设。,西藏自治区,2006-01-01,2006-01-01,2010-12-31,540000,法律与制度保障,https://www.pkulaw.com/
policy_395,《西藏自治区特殊教育学校建设标准（试行）》（2007 年）,规范特殊教育学校建设标准，涵盖校舍面积、设施配备、师资要求等，保障残疾学生学习与生活条件。,西藏自治区特殊教育学校,2007-01-01,2007-01-01,999999,540000,"

教育体系与安置模式",https://www.pkulaw.com/
policy_396,"《西藏自治区残疾人事业 ""十二五"" 发展规划》（2011 年）",强调残疾人康复、教育、就业一体化，提出建立残疾人补贴制度，推进城乡无障碍环境建设，提升服务水平。,西藏自治区,2011-01-01,2011-01-01,2015-12-31,540000,"

经费保障政策",https://www.pkulaw.com/
policy_397,《西藏自治区特殊教育提升计划（2014-2016 年）》（2014 年）,重点提高残疾儿童义务教育普及水平，改善特殊教育学校办学条件，推进随班就读和送教上门服务。,西藏自治区,2014-01-01,2014-01-01,2016-12-31,540000,"

教育体系与安置模式",https://www.pkulaw.com/
policy_398,《西藏自治区第二期特殊教育提升计划（2017-2020 年）》（2017 年）,扩大特殊教育资源，加强职业教育，完善送教上门机制，推进融合教育支持体系建设。,西藏自治区,2017-01-01,2017-01-01,2020-12-31,540000,"

教育体系与安置模式",https://www.pkulaw.com/
policy_399,《西藏自治区实施〈残疾人教育条例〉办法》（2018 年修订）,细化残疾人教育权利保障，明确入学安置、师资培训、经费保障等要求，强化法律责任。,西藏自治区,2018-01-01,2018-01-01,999999,540000,"

教育体系与安置模式",https://www.pkulaw.com/
policy_400,《西藏自治区残疾儿童康复救助实施办法》（2018 年）,建立残疾儿童康复救助制度，明确救助对象、标准、服务内容及资金保障，推进早发现、早干预。,西藏自治区,2018-01-01,2018-01-01,999999,540000,法律与制度保障,https://www.pkulaw.com/
policy_401,《西藏自治区特殊教育教师津贴发放管理办法》（2015 年）,规范特殊教育教师津贴发放标准与流程，提高教师待遇，吸引和稳定特殊教育师资队伍。,西藏自治区特殊教育教师,2015-01-01,2015-01-01,999999,540000,"

经费保障政策",https://www.pkulaw.com/
policy_402,《西藏自治区特殊教育生均公用经费标准》（2016 年）,制定特殊教育学校生均经费标准，保障学校日常运转及教学资源配置。,西藏自治区特殊教育学校,2016-01-01,2016-01-01,999999,540000,"

经费保障政策",https://www.pkulaw.com/
policy_403,《西藏自治区随班就读工作管理办法》（2018 年）,规范普通学校随班就读工作，明确入学程序、支持措施及教师责任，保障残疾学生平等受教育权。,西藏自治区普通学校,2018-01-01,2018-01-01,999999,540000,"

教育体系与安置模式",https://www.pkulaw.com/
policy_404,"《西藏自治区 ""十四五"" 特殊教育发展提升行动计划》（2021 年）",提出到 2025 年建成高质量特殊教育体系，涵盖普及程度、教育质量、保障机制等目标，强化融合教育与职业教育。,西藏自治区,2021-01-01,2021-01-01,2025-12-31,540000,"

其他相关领域",https://www.pkulaw.com/
policy_405,《西藏自治区残疾学生资助管理办法》（2017 年）,明确残疾学生资助范围、标准及申请流程，覆盖义务教育至高等教育阶段，减轻家庭经济负担。,西藏自治区残疾学生,2017-01-01,2017-01-01,999999,540000,"

经费保障政策",https://www.pkulaw.com/
policy_406,《西藏自治区特殊教育学校办学质量评估标准》（2019 年）,建立特殊教育学校办学质量评估体系，从师资、设施、管理、教学效果等方面设定考核指标。,西藏自治区特殊教育学校,2019-01-01,2019-01-01,999999,540000,"

监测与督导评估",https://www.pkulaw.com/
policy_407,"《宁夏回族自治区残疾人事业 ""九五"" 计划纲要》（1996 年）",聚焦残疾人教育、就业与康复，提出普及残疾儿童义务教育，建立职业培训体系，完善医疗康复服务网络，构建城乡残疾人社会保障框架。,宁夏回族自治区,1996-01-01,1996-01-01,2000-12-31,640000,"

其他相关领域",https://www.pkulaw.com/
policy_408,"《宁夏特殊教育 ""十五"" 发展规划》（2001 年）",明确特殊教育发展目标，加强特殊教育学校建设，推进随班就读和送教上门服务，提升残疾儿童入学率和教育质量。,宁夏回族自治区,2001-01-01,2001-01-01,2005-12-31,640000,"

教育体系与安置模式",https://www.pkulaw.com/
policy_409,"《宁夏回族自治区残疾人事业 ""十一五"" 发展规划》（2006 年）",强化残疾人教育保障，推动特殊教育学校标准化建设，完善资助体系，提出 “十一五” 期间残疾儿童少年义务教育入学率目标。,宁夏回族自治区,2006-01-01,2006-01-01,2010-12-31,640000,"

教育体系与安置模式",https://www.pkulaw.com/
policy_410,《宁夏特殊教育学校建设标准（试行）》（2007 年）,规范特殊教育学校建设标准，涵盖校舍、设备、师资等方面，保障特殊教育学校办学条件。,宁夏回族自治区,2007-01-01,2007-01-01,999999,640000,"

经费保障政策",https://www.pkulaw.com/
policy_411,"《宁夏回族自治区残疾人事业 ""十二五"" 发展规划》（2011 年）",提出残疾人教育普及化、职业教育专业化目标，加强康复与教育融合，完善随班就读支持体系。,宁夏回族自治区,2011-01-01,2011-01-01,2015-12-31,640000,"

随班就读",https://www.pkulaw.com/
policy_412,《宁夏特殊教育提升计划（2014-2016 年）》（2014 年）,目标到 2016 年普及残疾儿童义务教育，实施高中阶段免费教育，提高生均经费至 6000 元，推进送教上门和随班就读。,宁夏回族自治区,2014-09-18,2014-09-18,2016-12-31,640000,"

教育体系与安置模式",https://www.pkulaw.com/
policy_413,《宁夏第二期特殊教育提升计划（2017-2020 年）》（2017 年）,扩大残疾儿童教育覆盖，改善办学条件，落实生均经费 6000 元，推动医教结合和融合教育。,宁夏回族自治区,2017-01-01,2017-01-01,2020-12-31,640000,"

经费保障政策",https://www.pkulaw.com/
policy_414,《宁夏回族自治区实施〈残疾人教育条例〉办法》（2018 年修订）,细化残疾人教育实施细则，明确入学保障、随班就读、送教上门等机制，强化政府和学校责任。,宁夏回族自治区,2018-01-01,2018-01-01,999999,640000,"

教育体系与安置模式",https://www.pkulaw.com/
policy_415,《宁夏残疾儿童康复救助实施办法》（2018 年）,建立 0-6 岁残疾儿童康复救助制度，明确救助范围、标准和流程，保障康复服务质量。,宁夏回族自治区,2018-01-01,2018-01-01,999999,640000,"

法律与制度保障",https://www.pkulaw.com/
policy_416,《宁夏特殊教育教师津贴发放管理办法》（2015 年）,规范特殊教育教师津贴发放标准和流程，提高教师待遇，稳定师资队伍。,宁夏回族自治区,2015-01-01,2015-01-01,999999,640000,"

经费保障政策",https://www.pkulaw.com/
policy_417,《宁夏特殊教育生均公用经费标准》（2016 年）,逐步提高义务教育阶段特殊教育生均经费，2016 年达到 6000 元，保障学校正常运转。,宁夏回族自治区,2016-01-01,2016-01-01,999999,640000,"

经费保障政策",https://www.pkulaw.com/
policy_418,《宁夏随班就读工作管理办法》（2018 年）,规范普通学校随班就读流程，明确资源教室建设、师资配备及支持服务要求，保障残疾学生平等受教育权。,宁夏回族自治区,2018-01-01,2018-01-01,999999,640000,"

支持与服务体系",https://www.pkulaw.com/
policy_419,"《宁夏 ""十四五"" 特殊教育发展提升行动计划》（2021 年）",提出到 2025 年建成高质量特殊教育体系，推进融合教育，加强职业教育与高等教育衔接，完善资助政策。,宁夏回族自治区,2021-01-01,2021-01-01,2025-12-31,640000,"

其他相关领域",https://www.pkulaw.com/
policy_420,《宁夏残疾学生资助管理办法》（2017 年）,建立覆盖学前至高等教育阶段的残疾学生资助体系，提供学费减免、生活补助及助学贷款支持。,宁夏回族自治区,2017-01-01,2017-01-01,999999,640000,"

经费保障政策",https://www.pkulaw.com/
policy_421,《宁夏特殊教育学校办学质量评估标准》（2019 年）,制定特殊教育学校办学质量评估指标，涵盖师资、课程、康复、安全等维度，推动学校内涵发展。,宁夏回族自治区,2019-01-01,2019-01-01,999999,640000,"

监测与督导评估",https://www.pkulaw.com/
policy_422,"《新疆维吾尔自治区残疾人事业 ""九五"" 计划纲要》（1996 年）",聚焦残疾人教育、就业与康复，提出普及残疾儿童义务教育，建立职业培训体系，完善医疗康复服务网络，构建城乡残疾人社会保障框架。,新疆维吾尔自治区,1996-01-01,1996-01-01,2000-12-31,650000,"

支持与服务体系",https://www.pkulaw.com/
policy_423,"《新疆特殊教育 ""十五"" 发展规划》（2001 年）",推进特殊教育学校标准化建设，加强师资培养，扩大残疾儿童入学率，探索融合教育模式，建立多部门协作机制。,新疆维吾尔自治区,2001-01-01,2001-01-01,2005-12-31,650000,"

教育体系与安置模式",https://www.pkulaw.com/
policy_424,"《新疆维吾尔自治区残疾人事业 ""十一五"" 发展规划》（2006 年）",强化特殊教育基础设施建设，推进随班就读，完善残疾学生资助体系，加强职业教育与就业支持，提升康复服务水平。,新疆维吾尔自治区,2006-01-01,2006-01-01,2010-12-31,650000,"

教育体系与安置模式",https://www.pkulaw.com/
policy_425,《新疆特殊教育学校建设标准（试行）》（2007 年）,规范特殊教育学校建设标准，涵盖校舍布局、教学设施、无障碍环境等要求，保障残疾学生学习与生活需求。,新疆维吾尔自治区,2007-01-01,2007-01-01,999999,650000,"

教育体系与安置模式",https://www.pkulaw.com/
policy_426,"《新疆维吾尔自治区残疾人事业 ""十二五"" 发展规划》（2011 年）",扩大特殊教育覆盖面，推进全纳教育，加强师资队伍建设，完善残疾人社会保障制度，提升教育与就业质量。,新疆维吾尔自治区,2011-01-01,2011-01-01,2015-12-31,650000,"

其他相关领域",https://www.pkulaw.com/
policy_427,《新疆特殊教育提升计划（2014-2016 年）》（2014 年）,提高残疾儿童义务教育普及水平，改善特殊教育学校办学条件，推进融合教育，加强教师培训与资源教室建设。,新疆维吾尔自治区,2014-01-01,2014-01-01,2016-12-31,650000,"

支持与服务体系",https://www.pkulaw.com/
policy_428,《新疆第二期特殊教育提升计划（2017-2020 年）》（2017 年）,巩固义务教育成果，发展非义务教育阶段特殊教育，推进医教结合与信息化建设，完善资助政策与服务体系。,新疆维吾尔自治区,2017-01-01,2017-01-01,2020-12-31,650000,"

支持与服务体系",https://www.pkulaw.com/
policy_429,《新疆维吾尔自治区实施〈残疾人教育条例〉办法》（2018 年修订）,细化残疾人教育权利保障措施，规范入学安置、教育教学、师资培训及经费保障，强化政府与社会协同责任。,新疆维吾尔自治区,2018-01-01,2018-01-01,999999,650000,"

教育体系与安置模式",https://www.pkulaw.com/
policy_430,《新疆残疾儿童康复救助实施办法》（2018 年）,建立 0-7 岁残疾儿童康复救助制度，明确救助标准、服务内容与流程，保障基本康复服务。,新疆维吾尔自治区,2018-01-01,2018-01-01,999999,650000,"

支持与服务体系",https://www.pkulaw.com/
policy_431,《新疆特殊教育教师津贴发放管理办法》（2015 年）,规范特殊教育教师津贴发放标准与程序，提高教师待遇，稳定师资队伍。,新疆维吾尔自治区,2015-01-01,2015-01-01,999999,650000,"

师资与专业发展",https://www.pkulaw.com/
policy_432,《新疆特殊教育生均公用经费标准》（2016 年）,制定特殊教育学校生均经费保障标准，明确经费来源与使用规范，支持学校日常运转与教育质量提升。,新疆维吾尔自治区,2016-01-01,2016-01-01,999999,650000,"

经费保障政策",https://www.pkulaw.com/
policy_433,《新疆随班就读工作管理办法》（2018 年）,规范普通学校随班就读管理，明确责任分工、师资配备、资源支持及评估机制，保障残疾学生平等接受教育权利。,新疆维吾尔自治区,2018-01-01,2018-01-01,999999,650000,"

教育体系与安置模式",https://www.pkulaw.com/
policy_434,"《新疆 ""十四五"" 特殊教育发展提升行动计划》（2021 年）",构建高质量特殊教育体系，推进十五年一贯制教育，加强融合教育与职业教育，完善资助政策与教师队伍建设。,新疆维吾尔自治区,2021-01-01,2021-01-01,2025-12-31,650000,"

师资与专业发展",https://www.pkulaw.com/
policy_435,《新疆残疾学生资助管理办法》（2017 年）,建立覆盖学前至高等教育阶段的残疾学生资助体系，明确资助标准与申请流程，减轻家庭经济负担。,新疆维吾尔自治区,2017-01-01,2017-01-01,999999,650000,"

经费保障政策",https://www.pkulaw.com/
policy_436,《新疆特殊教育学校办学质量评估标准》（2019 年）,制定特殊教育学校办学质量评估指标，涵盖管理、教学、康复、师资等方面，推动学校规范化、专业化发展。,新疆维吾尔自治区,2019-01-01,2019-01-01,999999,650000,"

监测与督导评估",https://www.pkulaw.com/
policy_437,"《北京市特殊教育 ""九五"" 发展规划》（1996 年）",未公开具体内容，推测聚焦残疾人教育普及与资源建设。,北京市,1996-01-01,1996-01-01,2000-12-31,110000,"

支持与服务体系",https://www.pkulaw.com/
policy_438,"《北京市特殊教育 ""十五"" 发展规划》（2001 年）","未公开具体内容，推测延续 ""九五"" 规划目标并优化资源配置。",北京市,2001-01-01,2001-01-01,2005-12-31,110000,"

经费保障政策",https://www.pkulaw.com/
policy_439,《北京市特殊教育学校办学条件标准》（2003 年）,未公开具体内容，推测规范特殊教育学校基础设施与师资配置。,北京市特殊教育学校,2003-01-01,2003-01-01,999999,110000,"

教育体系与安置模式",https://www.pkulaw.com/
policy_440,"《北京市特殊教育 ""十一五"" 发展规划》（2006 年）",未公开具体内容，推测强化特殊教育质量与融合教育推进。,北京市,2006-01-01,2006-01-01,2010-12-31,110000,"

教育体系与安置模式",https://www.pkulaw.com/
policy_441,《北京市特殊教育学校现代化建设标准》（2008 年）,未公开具体内容，推测推动特殊教育学校设施与技术现代化。,北京市特殊教育学校,2008-01-01,2008-01-01,999999,110000,"

经费保障政策",https://www.pkulaw.com/
policy_442,"《北京市特殊教育 ""十二五"" 发展规划》（2011 年）",未公开具体内容，推测加强特殊教育服务体系与教师队伍建设。,北京市,2011-01-01,2011-01-01,2015-12-31,110000,"

支持与服务体系",https://www.pkulaw.com/
policy_443,《北京市特殊教育提升计划（2014-2016 年）》（2014 年）,未公开具体内容，推测提升特殊教育质量与资源覆盖。,北京市,2014-01-01,2014-01-01,2016-12-31,110000,"

支持与服务体系",https://www.pkulaw.com/
policy_444,《北京市特殊教育二期提升计划（2017-2020 年）》（2017 年）,未公开具体内容，推测深化融合教育与医教结合模式。,北京市,2017-01-01,2017-01-01,2020-12-31,110000,"

支持与服务体系",https://www.pkulaw.com/
policy_445,《北京市特殊教育学校课程设置方案》（2018 年）,未公开具体内容，推测规范特殊教育课程体系与教学标准。,北京市特殊教育学校,2018-01-01,2018-01-01,999999,110000,"

教育体系与安置模式",https://www.pkulaw.com/
policy_446,《北京市融合教育行动计划》（2019 年）,未公开具体内容，推测促进普通学校接纳残疾学生并提供支持。,北京市普通中小学及特殊教育机构,2019-01-01,2019-01-01,999999,110000,"

支持与服务体系",https://www.pkulaw.com/
policy_447,"《北京市特殊教育 ""十四五"" 发展规划》（2021 年）",未公开具体内容，推测规划 2021-2025 年特殊教育发展目标与措施。,北京市,2021-01-01,2021-01-01,2025-12-31,110000,"

教育体系与安置模式",https://www.pkulaw.com/
policy_448,《北京市实施〈中华人民共和国残疾人保障法〉办法》（1994 年，2011 年修订）,保障残疾人教育、就业、文化生活及社会保障权益，明确无障碍环境建设要求。,北京市,1994-07-22,1994-07-22,999999,110000,"

教育体系与安置模式",https://www.pkulaw.com/
policy_449,《北京市残疾学生助学补贴办法》（2002 年）,为生活困难残疾人子女及残疾学生提供高中至研究生阶段学费补助。,北京市户籍生活困难残疾人子女及残疾学生,2002-01-01,2002-01-01,999999,110000,"

经费保障政策",https://www.pkulaw.com/
policy_450,《北京市残疾儿童少年康复救助实施办法》（2012 年）,为 0-16 岁残疾儿童提供康复训练、辅助器具适配等救助服务。,北京市户籍残疾儿童少年,2012-01-01,2012-01-01,999999,110000,"

支持与服务体系",https://www.pkulaw.com/
policy_451,"《天津市特殊教育 ""九五"" 发展规划》（1996 年）",未公开具体内容，推测聚焦残疾人教育普及与资源建设。,天津市,1996-01-01,1996-01-01,2000-12-31,120000,"

教育体系与安置模式",https://www.pkulaw.com/
policy_452,《天津市特殊教育学校办学标准》（1998 年）,未公开具体内容，推测规范特殊教育学校基础设施与师资配置。,天津市特殊教育学校,1998-01-01,1998-01-01,999999,120000,"

教育体系与安置模式",https://www.pkulaw.com/
policy_453,"《天津市特殊教育 ""十五"" 发展规划》（2001 年）","未公开具体内容，推测延续 ""九五"" 规划目标并优化资源配置。",天津市,2001-01-01,2001-01-01,2005-12-31,120000,"

经费保障政策",https://www.pkulaw.com/
policy_454,《天津市特殊教育学校现代化建设标准》（2004 年）,未公开具体内容，推测推动特殊教育学校设施与技术现代化。,天津市特殊教育学校,2004-01-01,2004-01-01,999999,120000,"

支持与服务体系",https://www.pkulaw.com/
policy_455,"《天津市特殊教育 ""十一五"" 发展规划》（2006 年）",未公开具体内容，推测强化特殊教育质量与融合教育推进。,天津市,2006-01-01,2006-01-01,2010-12-31,120000,"

其他相关领域",https://www.pkulaw.com/
policy_456,《天津市特殊教育提升计划（2014-2016 年）》（2014 年）,未公开具体内容，推测提升特殊教育质量与资源覆盖。,天津市,2014-01-01,2014-01-01,2016-12-31,120000,"

法律与制度保障",https://www.pkulaw.com/
policy_457,《天津市特殊教育二期提升计划（2017-2020 年）》（2017 年）,未公开具体内容，推测深化融合教育与医教结合模式。,天津市,2017-01-01,2017-01-01,2020-12-31,120000,"

支持与服务体系",https://www.pkulaw.com/
policy_458,《天津市特殊教育学校课程设置方案》（2018 年）,未公开具体内容，推测规范特殊教育课程体系与教学标准。,天津市特殊教育学校,2018-01-01,2018-01-01,999999,120000,"

教育体系与安置模式",https://www.pkulaw.com/
policy_459,《天津市融合教育行动计划》（2019 年）,未公开具体内容，推测促进普通学校接纳残疾学生并提供支持。,天津市普通中小学及特殊教育机构,2019-01-01,2019-01-01,999999,120000,"

教育体系与安置模式",https://www.pkulaw.com/
policy_460,"《天津市特殊教育 ""十四五"" 发展规划》（2021 年）",未公开具体内容，推测规划 2021-2025 年特殊教育发展目标与措施。,天津市,2021-01-01,2021-01-01,2025-12-31,120000,"

监测与督导评估",https://www.pkulaw.com/
policy_461,《天津市实施〈中华人民共和国残疾人保障法〉办法》（1995 年，2012 年修订）,保障残疾人教育、就业、文化生活及社会保障权益，明确无障碍环境建设要求。,天津市,1995-01-01,1995-01-01,999999,120000,"

教育体系与安置模式",https://www.pkulaw.com/
policy_462,上海市特殊教育三年行动计划（2009-2011 年）,推进特殊教育学校标准化建设，扩大特殊教育对象范围（含自闭症、脑瘫等），实施医教结合，提升教育康复设施水平。,上海市,2009-01-01,2009-01-01,2011-12-31,310000,"

支持与服务体系",https://www.pkulaw.com/
policy_463,上海市特殊教育五年发展规划（2011-2015 年）,构建普特融合教育体系，完善特殊教育学校布局，加强师资培训，推进学前至高中阶段免费教育全覆盖。,上海市,2011-01-01,2011-01-01,2015-12-31,310000,"

师资与专业发展",https://www.pkulaw.com/
policy_464,上海市特殊教育学校办学标准（2013 年修订）,明确特殊教育学校建设标准，涵盖设施设备、师资配备、课程设置等，强化医教结合与康复服务功能。,上海市特殊教育学校,2013-01-01,2013-01-01,999999,310000,"

支持与服务体系",https://www.pkulaw.com/
policy_465,上海市特殊教育三年提升计划（2014-2016 年）,提高残疾儿童义务教育入学率至 90% 以上，推进随班就读支持体系建设，加强送教上门服务规范化。,上海市,2014-01-01,2014-01-01,2016-12-31,310000,"

教育体系与安置模式",https://www.pkulaw.com/
policy_466,上海市特殊教育二期提升计划（2017-2020 年）,将义务教育入学率提升至 95%，深化融合教育，建立 “一人一案” 电子档案，加强职业教育与高等教育衔接。,上海市,2017-01-01,2017-01-01,2020-12-31,310000,"

支持与服务体系",https://www.pkulaw.com/
policy_467,上海市特殊教育现代化 2035 规划纲要（2018 年）,提出 2035 年建成国际一流特殊教育体系，涵盖全学段融合教育、数字化转型、师资专业化等目标。,上海市,2018-01-01,2018-01-01,2035-12-31,310000,"

师资与专业发展",https://www.pkulaw.com/
policy_468,上海市融合教育发展行动计划（2019-2021 年）,推动普通学校成为融合教育主体，建立三级支持体系（学校资源教室 - 片区资源中心 - 市级专家库），完善课程与评价机制。,上海市普通中小学、幼儿园,2019-01-01,2019-01-01,2021-12-31,310000,监测与督导评估,https://www.pkulaw.com/
policy_469,上海市 “十四五” 特殊教育发展行动计划（2021 年）,到 2025 年建成高质量特殊教育体系，推进普特深度融合，加强职业教育与终身学习支持，提升数字化服务能力。,上海市,2021-01-01,2021-01-01,2025-12-31,310000,"

教育体系与安置模式",https://www.pkulaw.com/
policy_470,上海市实施〈中华人民共和国残疾人保障法〉办法（1993 年，2013 年修订）,保障残疾人教育、就业、康复权益，明确无障碍环境建设标准，建立残疾人就业保障金制度。,上海市,1993-02-06,1993-02-06,999999,310000,"

其他相关领域",https://www.pkulaw.com/
policy_471,上海市特殊教育条例（2014 年）,规范特殊教育管理，明确政府、学校、家庭责任，保障残疾儿童受教育权，强化医教结合与融合教育支持。,上海市,2014-04-01,2014-04-01,999999,310000,"

支持与服务体系",https://www.pkulaw.com/
policy_472,上海市残疾儿童少年随班就读工作管理办法（2016 年修订）,细化随班就读支持措施，要求普通学校配备资源教室和特教教师，建立评估与转衔机制。,上海市义务教育阶段普通学校,2016-01-01,2016-01-01,999999,310000,"



教育体系与安置模式",https://www.pkulaw.com/
policy_473,上海市特殊教育教师资格标准（2017 年）,明确特殊教育教师专业能力要求，涵盖学科教学、康复训练、心理支持等领域，强化继续教育与认证管理。,上海市特殊教育教师,2017-01-01,2017-01-01,999999,310000,"

师资与专业发展",https://www.pkulaw.com/
policy_474,上海市特殊教育学生免费教育实施办法（2006 年）,对义务教育阶段残疾学生实施免费教育，逐步扩展至学前和高中阶段，减免学杂费、教科书费等。,上海市特殊教育学校及随班就读学生,2006-01-01,2006-01-01,999999,310000,"

经费保障政策",https://www.pkulaw.com/
policy_475,上海市特殊教育学生交通补贴管理办法（2010 年）,为特殊教育学生提供交通费用补贴，保障其就学出行需求，明确补贴标准与申领流程。,上海市特殊教育学校及随班就读学生,2010-01-01,2010-01-01,999999,310000,"

经费保障政策",https://www.pkulaw.com/
policy_476,上海市残疾学生助学补贴办法（2015 年修订）,对残疾学生提供助学金，覆盖学费、生活费等，提高补贴标准，扩大资助范围至高等教育阶段。,上海市各级各类学校残疾学生,2015-01-01,2015-01-01,999999,310000,"

经费保障政策",https://www.pkulaw.com/
policy_477,上海市特殊教育教师津贴发放办法（2016 年）,为特殊教育教师发放岗位津贴，提高待遇水平，鼓励长期从事特殊教育工作。,上海市特殊教育学校及普通学校特教教师,2016-01-01,2016-01-01,999999,310000,"

经费保障政策",https://www.pkulaw.com/
policy_478,上海市残疾儿童康复救助实施办法（2018 年）,为 0-16 岁残疾儿童提供康复服务补贴，涵盖医疗、教育、社会适应等领域，明确救助标准与服务流程。,上海市户籍残疾儿童,2018-01-01,2018-01-01,999999,310000,"

支持与服务体系",https://www.pkulaw.com/
policy_479,上海市特殊教育送教上门工作规范（2019 年）,规范送教上门服务流程，要求定期评估、制定个性化方案，整合教育、医疗、社区资源。,上海市因身体原因无法到校就读的残疾儿童,2019-01-01,2019-01-01,999999,310000,"

支持与服务体系",https://www.pkulaw.com/
policy_480,上海市特殊教育医教结合工作方案（2012 年）,建立教育与医疗康复联动机制，为残疾学生提供 “一人一案” 综合服务，加强跨部门协作。,上海市特殊教育学校及随班就读学生,2012-01-01,2012-01-01,999999,310000,"

支持与服务体系",https://www.pkulaw.com/
policy_481,上海市特殊教育资源教室建设标准（2015 年）,规定资源教室功能定位、设施配置、师资配备及服务流程，支持普通学校开展融合教育。,上海市普通中小学资源教室,2015-01-01,2015-01-01,999999,310000,"

支持与服务体系",https://www.pkulaw.com/
policy_482,上海市特殊教育课程实施方案（2016 年）,构建特殊教育课程体系，包括国家课程校本化、特设课程开发及个别化教育计划（IEP）实施要求。,上海市特殊教育学校及随班就读班级,2016-01-01,2016-01-01,999999,310000,"

教育体系与安置模式",https://www.pkulaw.com/
policy_483,上海市孤独症儿童教育指导纲要（2017 年）,明确孤独症儿童教育目标、干预策略及支持措施，强调早期识别、家校协同与社会融合。,上海市孤独症儿童教育机构及普通学校,2017-01-01,2017-01-01,999999,310000,"

其他相关领域",https://www.pkulaw.com/
policy_484,上海市特殊教育质量评估指标体系（2018 年）,建立涵盖教育质量、康复效果、社会适应等维度的评估标准，推动特殊教育规范化发展。,上海市特殊教育学校及相关机构,2018-01-01,2018-01-01,999999,310000,"

监测与督导评估",https://www.pkulaw.com/
policy_485,上海市特殊教育数字化转型实施方案（2021 年）,推进特殊教育信息化建设，开发数字化课程资源，建立 “一人一档” 电子管理系统，提升服务精准度。,上海市特殊教育机构及相关学校,2021-01-01,2021-01-01,999999,310000,"

支持与服务体系",https://www.pkulaw.com/
policy_486,上海市特殊教育学校办学条件达标工程实施方案（2022 年）,改善特殊教育学校设施设备，确保无障碍环境、康复器材等达标，提升办学硬件水平。,上海市特殊教育学校,2022-01-01,2022-01-01,999999,310000,"

经费保障政策",https://www.pkulaw.com/
policy_487,上海市特殊教育教师队伍建设三年行动计划（2022-2024 年）,加强特教教师培养培训，扩大专业招生规模，建立名师工作室，提高教师专业化水平。,上海市特殊教育教师,2022-01-01,2022-01-01,2024-12-31,310000,"

师资与专业发展",https://www.pkulaw.com/
policy_488,上海市特殊教育学生心理健康服务指南（2023 年）,规范特殊教育学生心理健康服务流程，提供心理咨询、危机干预及家校协同支持。,上海市特殊教育学生,2023-01-01,2023-01-01,999999,310000,"

支持与服务体系",https://www.pkulaw.com/
policy_489,上海市特殊教育示范校评估标准（2015 年）,制定示范校评估指标，涵盖办学条件、教育质量、社会影响等，推动特殊教育优质发展。,上海市特殊教育学校,2015-01-01,2015-01-01,999999,310000,"

监测与督导评估",https://www.pkulaw.com/
policy_490,上海市特殊教育名师工作室管理办法（2017 年）,规范名师工作室运行机制，发挥名师引领作用，促进特教教师专业成长与经验共享。,上海市特殊教育名师工作室,2017-01-01,2017-01-01,999999,310000,"

支持与服务体系",https://www.pkulaw.com/
policy_491,上海市特殊教育国际交流合作项目管理办法（2019 年）,规范国际交流合作项目申报、实施及评估，推动特殊教育领域的国际经验借鉴与资源共享。,上海市特殊教育机构及相关学校,2019-01-01,2019-01-01,999999,310000,"

其他相关领域",https://www.pkulaw.com/
policy_492,"重庆市特殊教育 ""九五"" 发展规划（1996 年）",以普及残疾儿童义务教育为核心，建立职业培训体系，完善医疗康复服务网络，构建城乡残疾人社会保障框架。,重庆市,1996-01-01,1996-01-01,2000-12-31,500000,"

教育体系与安置模式",https://www.pkulaw.com/
policy_493,重庆市特殊教育学校建设标准（试行）（2003 年）,明确特殊教育学校设施设备、师资配备、课程设置等标准，强化无障碍环境与康复功能建设。,重庆市特殊教育学校,2003-01-01,2003-01-01,999999,500000,"

教育体系与安置模式",https://www.pkulaw.com/
policy_494,"重庆市特殊教育 ""十一五"" 发展规划（2006 年）",扩大特殊教育覆盖面，推进随班就读支持体系建设，加强职业教育与高等教育衔接，提升教师专业化水平。,重庆市,2006-01-01,2006-01-01,2010-12-31,500000,"

教育体系与安置模式",https://www.pkulaw.com/
policy_495,重庆市特殊教育提升计划（2014-2016 年）（2014 年）,提高残疾儿童义务教育入学率至 93% 以上，建立随班就读资源教室，规范送教上门服务，强化医教结合。,重庆市,2014-01-01,2014-01-01,2016-12-31,500000,"

教育体系与安置模式",https://www.pkulaw.com/
policy_496,重庆市第二期特殊教育提升计划（2017-2020 年）（2017 年）,"将义务教育入学率提升至 98%，深化融合教育，建立 ""一人一案"" 电子档案，推进十五年一贯制特殊教育学校建设。",重庆市,2017-01-01,2017-01-01,2020-12-31,500000,"

教育体系与安置模式",https://www.pkulaw.com/
policy_497,重庆市特殊教育学校课程设置方案（2018 年）,构建特殊教育课程体系，包括国家课程校本化、特设课程开发及个别化教育计划（IEP）实施要求。,重庆市特殊教育学校,2018-01-01,2018-01-01,999999,500000,支持与服务体系,https://www.pkulaw.com/
policy_498,重庆市融合教育实施方案（2019 年）,"推动普通学校建立资源教室，完善 ""学校 - 片区 - 市级"" 三级支持体系，促进普特深度融合与课程改革。",重庆市普通中小学、幼儿园,2019-01-01,2019-01-01,999999,500000,支持与服务体系,https://www.pkulaw.com/
policy_499,"重庆市 ""十四五"" 特殊教育发展提升行动计划（2021 年）",到 2025 年建成全学段衔接的特殊教育体系，推进智慧校园建设，提高生均经费至 7000 元以上，强化职业教育与终身学习支持。,重庆市,2021-01-01,2021-01-01,2025-12-31,500000,法律与制度保障,https://www.pkulaw.com/
policy_500,重庆市实施〈残疾人教育条例〉办法（2001 年，2018 年修订）,保障残疾人受教育权，明确随班就读支持措施，建立残疾学生资助体系与无障碍环境标准。,重庆市,2001-09-01,2001-09-01,999999,500000,"

教育体系与安置模式",https://www.pkulaw.com/
policy_501,重庆市残疾儿童少年随班就读管理办法（2015 年）,细化随班就读工作流程，要求普通学校配备资源教师，建立评估与转衔机制，保障平等受教育权。,重庆市义务教育阶段普通学校,2015-01-01,2015-01-01,999999,500000,"

监测与督导评估",https://www.pkulaw.com/
policy_502,重庆市特殊教育教师专业标准（2017 年）,明确特殊教育教师在学科教学、康复训练、心理支持等领域的专业能力要求，强化继续教育与认证管理。,重庆市特殊教育教师,2017-01-01,2017-01-01,999999,500000,"

师资与专业发展",https://www.pkulaw.com/
policy_503,重庆市残疾学生助学补助办法（2005 年）,为残疾学生提供学费、生活费等补助，覆盖学前至高等教育阶段，逐步提高资助标准。,重庆市各级各类学校残疾学生,2005-01-01,2005-01-01,999999,500000,"

经费保障政策",https://www.pkulaw.com/
policy_504,重庆市特殊教育学校学生生活费补助标准（2012 年）,为特殊教育学生提供生活费补贴，明确补助标准与申领流程，保障基本生活需求。,重庆市特殊教育学校学生,2012-01-01,2012-01-01,999999,500000,"

经费保障政策",https://www.pkulaw.com/
policy_505,重庆市残疾儿童康复救助实施办法（2018 年）,为 0-16 岁残疾儿童提供医疗、教育、社会适应等康复服务补贴，明确救助标准与服务流程。,重庆市户籍残疾儿童,2018-01-01,2018-01-01,999999,500000,"

支持与服务体系",https://www.pkulaw.com/
policy_506,重庆市特殊教育教师津贴发放办法（2016 年）,为特殊教育教师发放岗位津贴，提高待遇水平，鼓励长期从事特殊教育工作。,重庆市特殊教育学校及普通学校特教教师,2016-01-01,2016-01-01,999999,500000,"

经费保障政策",https://www.pkulaw.com/
policy_507,重庆市残疾学生高中阶段免费教育实施办法（2017 年）,对高中阶段残疾学生实施免费教育，减免学杂费、教科书费等，扩大资助覆盖面。,重庆市高中阶段残疾学生,2017-01-01,2017-01-01,999999,500000,"

经费保障政策",https://www.pkulaw.com/
policy_508,重庆市特殊教育医教结合工作实施方案（2015 年）,"建立教育与医疗康复联动机制，为残疾学生提供 ""一人一案"" 综合服务，整合学校、医院、社区资源。",重庆市特殊教育学校及随班就读学生,2015-01-01,2015-01-01,999999,500000,"

支持与服务体系",https://www.pkulaw.com/
policy_509,重庆市特殊教育资源教室建设标准（2016 年）,规定资源教室功能定位、设施配置、师资配备及服务流程，支持普通学校开展融合教育。,重庆市普通中小学资源教室,2016-01-01,2016-01-01,999999,500000,"

支持与服务体系",https://www.pkulaw.com/
policy_510,重庆市特殊教育质量评估指标体系（2018 年）,建立涵盖教育质量、康复效果、社会适应等维度的评估标准，推动特殊教育规范化发展。,重庆市特殊教育学校及相关机构,2018-01-01,2018-01-01,999999,500000,"

监测与督导评估",https://www.pkulaw.com/
policy_511,重庆市特殊教育送教上门工作规范（2019 年）,规范送教上门服务流程，要求定期评估、制定个性化方案，整合教育、医疗、社区资源。,重庆市因身体原因无法到校就读的残疾儿童,2019-01-01,2019-01-01,999999,500000,"

支持与服务体系",https://www.pkulaw.com/
policy_512,重庆市特殊教育信息化建设实施方案（2020 年）,"推进特殊教育数字化转型，开发在线课程资源，建立 ""一人一档"" 电子管理系统，提升服务精准度。",重庆市特殊教育机构及相关学校,2020-01-01,2020-01-01,999999,500000,"

支持与服务体系",https://www.pkulaw.com/
policy_513,重庆市特殊教育学校办学条件达标实施方案（2022 年）,改善特殊教育学校设施设备，确保无障碍环境、康复器材等达标，提升办学硬件水平。,重庆市特殊教育学校,2022-01-01,2022-01-01,999999,500000,"

支持与服务体系",https://www.pkulaw.com/
policy_514,重庆市特殊教育教师队伍建设三年计划（2022-2024 年）,加强特教教师培养培训，扩大专业招生规模，建立名师工作室，提高教师专业化水平。,重庆市特殊教育教师,2022-01-01,2022-01-01,2024-12-31,500000,"

师资与专业发展",https://www.pkulaw.com/
policy_515,重庆市特殊教育质量提升行动计划（2023-2025 年）,聚焦课程改革、康复融合、数字化转型等领域，建立质量监测体系，推动特殊教育内涵式发展。,重庆市,2023-01-01,2023-01-01,2025-12-31,500000,"

监测与督导评估",https://www.pkulaw.com/
policy_516,《教育条例》（第 279 章）（1997 年修订）,确立香港教育制度框架，规范学校管理、课程设置及教师资质，保障特殊教育需求学生的平等受教育权。,香港特别行政区,1997-07-01,1997-07-01,999999,810000,"

法律与制度保障",https://www.pkulaw.com/
policy_517,《残疾歧视条例》（第 487 章）（1996 年）,禁止基于残疾的歧视行为，要求教育机构提供合理便利措施，确保残疾学生平等参与教育活动。,香港特别行政区,1996-12-20,1996-12-20,999999,810000,法律与制度保障,https://www.pkulaw.com/
policy_518,《特殊教育需要条例》（2008 年）,明确特殊教育需求学生的定义与分类，建立评估、支援及服务机制，推动融合教育发展。,香港特别行政区,2008-09-01,2008-09-01,999999,810000,"

教育体系与安置模式",https://www.pkulaw.com/
policy_519,《融合教育政策指引》（2010 年修订）,倡导普通学校接纳特殊教育需求学生，提供资源教室、专业师资及课程调整等支持措施。,香港普通中小学,2010-01-01,2010-01-01,999999,810000,"

支持与服务体系",https://www.pkulaw.com/
policy_520,《香港特殊教育发展五年计划（1997-2002）》,扩大特殊教育服务覆盖面，加强师资培训，推动特殊教育学校与普通学校协作。,香港特别行政区,1997-07-01,1997-07-01,2002-12-31,810000,"

师资与专业发展",https://www.pkulaw.com/
policy_521,《特殊学校资助则例》（2003 年修订）,规范特殊教育学校财政资助标准，优化设施配置与康复服务资源。,香港特殊教育学校,2003-01-01,2003-01-01,999999,810000,"

经费保障政策",https://www.pkulaw.com/
policy_522,《全校参与模式融合教育政策》（2008 年）,要求普通学校全员参与融合教育，建立跨学科团队，为特殊教育需求学生提供个性化支持。,香港普通中小学,2008-09-01,2008-09-01,999999,810000,"

支持与服务体系",https://www.pkulaw.com/
policy_523,《特殊教育需要支援计划》（2014 年）,整合医疗、教育、社会资源，建立 “一站式” 服务平台，提升特殊教育需求学生的综合服务效率。,香港特别行政区,2014-01-01,2014-01-01,999999,810000,"

支持与服务体系",https://www.pkulaw.com/
policy_524,《特殊教育需要系统评估机制》（2016 年）,制定标准化评估工具，定期监测特殊教育需求学生的发展状况，优化服务方案。,香港特殊教育机构及相关学校,2016-01-01,2016-01-01,999999,810000,"

监测与督导评估",https://www.pkulaw.com/
policy_525,《特殊教育课程指引》（2017 年）,设计多元化课程框架，涵盖学术、职业技能及生活适应能力培养，支持个性化教育计划（IEP）实施。,香港特殊教育学校及融合班级,2017-09-01,2017-09-01,999999,810000,"

支持与服务体系",https://www.pkulaw.com/
policy_526,《特殊教育需要支援服务优化计划》（2019 年）,增加资源教师编制，扩大课后学习支援，强化家校社三方协作机制。,香港特殊教育需求学生及其家庭,2019-01-01,2019-01-01,999999,810000,"

支持与服务体系",https://www.pkulaw.com/
policy_527,《特殊教育需要学生资助计划》（2000 年）,为特殊教育需求学生提供学费减免、教材补贴及辅助器具资助，减轻家庭经济负担。,香港特殊教育学校及融合教育学生,2000-09-01,2000-09-01,999999,810000,"

经费保障政策",https://www.pkulaw.com/
policy_528,《学习支援津贴计划》（2005 年）,按学生特殊需求等级发放津贴，支持学校购置专业设备及开展针对性教学活动。,香港普通中小学,2005-01-01,2005-01-01,999999,810000,"

支持与服务体系",https://www.pkulaw.com/
policy_529,《特殊教育需要学生交通津贴计划》（2012 年）,为需往返学校的特殊教育需求学生提供交通费用补贴，保障就学出行便利。,香港特殊教育需求学生,2012-01-01,2012-01-01,999999,810000,"

经费保障政策",https://www.pkulaw.com/
policy_530,《特殊教育需要学生课后学习支援计划》（2015 年）,延长学校课后服务时间，提供学业辅导、兴趣培养及社交技能训练等支持。,香港特殊教育需求学生,2015-09-01,2015-09-01,999999,810000,"

支持与服务体系",https://www.pkulaw.com/
policy_531,《特殊教育需要学生职业训练资助计划》（2018 年）,资助特殊教育需求学生参与职业技能培训，衔接高等教育与就业市场。,香港特殊教育需求学生,2018-01-01,2018-01-01,999999,810000,"

其他相关领域",https://www.pkulaw.com/
policy_532,《澳门教育制度纲要法》（第 11/91/M 号法律）,确立特殊教育作为澳门教育体系的组成部分，规定免费教育范围，保障残疾儿童入学权，推动教育平等。,澳门特别行政区,1991-08-29,1991-08-29,999999,820000,"

法律与制度保障",https://www.pkulaw.com/
policy_533,《特殊教育制度》（第 33/96/M 号法令）,规范特殊教育服务框架，明确行政当局对身心障碍及资优学生的教育责任，推动融合教育实施。,澳门特别行政区,1996-07-01,1996-07-01,2020-07-27,820000,"

教育体系与安置模式",https://www.pkulaw.com/
policy_534,《残疾分类评估登记制度》（第 9/2011 号行政法规）,统一残疾分类标准，建立评估、登记及发证机制，为残疾人士提供精准服务支持。,澳门特别行政区,2011-03-11,2011-03-11,999999,820000,"

监测与督导评估",https://www.pkulaw.com/
policy_535,《特殊教育学生津贴发放规章》（第 50/2003 号行政命令）,规范特殊教育学生津贴的发放对象、标准及流程，支持残疾学生的教育及生活需求。,澳门特别行政区,2003-10-01,2003-10-01,999999,820000,"

经费保障政策",https://www.pkulaw.com/
policy_536,《特殊教育发展优化计划（2021-2025）》,聚焦特殊教育质量提升，推动数字化学习、教师专业发展及家校社协同，完善全周期支持体系。,澳门特别行政区,2021-01-01,2021-01-01,2025-12-31,820000,"

其他相关领域",https://www.pkulaw.com/
